Year,Algeria,Argentina,Australia,Austria,Azerbaijan,Bangladesh,Belarus,Belgium,Brazil,Bulgaria,Canada,Chile,China,Colombia,Croatia,Cyprus,Czechia,Denmark,Ecuador,Egypt,Estonia,Finland,France,Germany,Greece,Hong Kong,Hungary,Iceland,India,Indonesia,Iran,Iraq,Ireland,Israel,Italy,Japan,Kazakhstan,Kuwait,Latvia,Lithuania,Luxembourg,Malaysia,Mexico,Morocco,Netherlands,New Zealand,North Macedonia,Norway,Oman,Pakistan,Peru,Philippines,Poland,Portugal,Qatar,Romania,Russia,Saudi Arabia,Singapore,Slovakia,Slovenia,South Africa,South Korea,Spain,Sri Lanka,Sweden,Switzerland,Taiwan,Thailand,Trinidad and Tobago,Turkey,Turkmenistan,USSR,Ukraine,United Arab Emirates,United Kingdom,United States,Uzbekistan,Venezuela,Vietnam
1965,1910.1326,14732.473,35395.805,19524.504,NA,NA,NA,43788.027,2344.7559,13827.843,52795.883,6752.783,2031.9971,4771.0015,NA,NA,47633.9,NA,NA,2808.4556,NA,NA,25036.959,38415.562,NA,NA,18218.738,NA,1125.2927,782.1329,3738.0635,NA,NA,NA,15252.906,16154.099,NA,NA,NA,NA,125983.68,NA,6250.1157,1059.203,33721.65,NA,NA,NA,NA,1460.7875,4010.0356,NA,24766.803,NA,NA,14424.234,NA,47226.984,NA,22977.555,NA,18456.01,NA,NA,NA,NA,NA,4797.8184,NA,NA,NA,NA,28963.09,NA,NA,41668.066,72734.26,NA,19347.014,NA
1966,2281.9224,14975.831,36529.598,20090.03,NA,NA,NA,41934.613,2486.3665,14757.899,54396.625,7133.0444,2157.3733,5224.7505,NA,NA,47890.793,NA,NA,2880.6257,NA,NA,24999.857,38168.24,NA,NA,18403.693,NA,1133.5356,742.3492,3959.8223,NA,NA,NA,16543.135,18340.178,NA,NA,NA,NA,119552.99,NA,6352.682,1475.3057,35679.16,NA,NA,NA,NA,1435.0883,4847.0728,NA,25024.969,NA,NA,15306.275,NA,46068.15,NA,23699.17,NA,18005.387,NA,NA,NA,NA,NA,4994.6714,NA,NA,NA,NA,30381.846,NA,NA,41361.805,76081.81,NA,18897.973,NA
1967,2096.2075,15172.236,38078.816,20070.238,NA,NA,NA,43791.312,2499.5444,17128.357,56342.754,7141.793,1897.1614,5318.5605,NA,NA,47090.625,NA,NA,2368.8137,NA,NA,26836.97,37794.227,NA,NA,17502.984,NA,1134.519,705.97260000000006,4238.672,NA,NA,NA,18121.703,20956.027,NA,NA,NA,NA,116793.195,NA,6219.693,1550.9716,37274.477,NA,NA,NA,NA,1538.0332,4726.98,NA,25540.846,NA,NA,16919.57,NA,44929.094,NA,23853.74,NA,18180.576,NA,NA,NA,NA,NA,5351.3335,NA,NA,NA,NA,31676.914,NA,NA,40959.723,77607.55,NA,19245.68,NA
1968,2174.2285,15420.594,39683.492,21644.559,NA,NA,NA,48609.24,2870.9597,19326.047,59822.87,7197.7266,1856.8943,5325.0776,NA,NA,49186.14,NA,NA,2416.6606,NA,NA,27750.691,40123.46,NA,NA,18092.195,NA,1176.4385,721.0048,4536.7095,NA,NA,NA,19670.863,22847.215,NA,NA,NA,NA,125805.984,NA,6516.4336,1609.6401,41196.31,NA,NA,NA,NA,1690.4989,4638.806,NA,27274.523,NA,NA,17850.654,NA,43806.656,NA,26374.092,NA,18604.604,NA,NA,NA,NA,21869.791,5821.6846,NA,NA,NA,NA,32363.93,NA,NA,42163.05,81524.336,NA,19845.777,NA
1969,2406.913,15718.227,40417.2,23186.455,NA,NA,NA,53172.094,3075.9673,21218.32,61729.375,7569.925,2216.546,5183.4614,NA,NA,51314.95,NA,NA,1811.2345,NA,NA,30376.992,43136.92,NA,NA,19305.426,NA,1271.7704,798.989,4845.474,NA,NA,NA,21364.557,26606.885,NA,NA,NA,NA,135060.73,NA,6954.534,1678.0184,45328.902,NA,NA,NA,NA,1644.8536,4479.9263,NA,28931.902,NA,NA,20254.762,NA,42714.965,NA,27661.455,NA,18579.463,NA,11868.495,NA,NA,23225.402,6150.124,NA,NA,NA,NA,33451.69,NA,NA,43421.816,84571.11,NA,19338.299,NA
1970,2540.161,14625.066,42810.02,25611.236,NA,NA,NA,55943.594,3428.714,23650.936,65222.246,7841.5825,2784.8328,5526.6025,NA,NA,53269.44,NA,NA,2230.0723,NA,NA,32527.93,45185.83,NA,NA,20734.062,NA,1201.8425,820.8075,5578.617,NA,NA,NA,23651.61,30186.27,NA,NA,NA,NA,139754.64,3949.8076,7151.864,1728.0585,50526.875,22920.904,NA,NA,NA,1590.6919,4562.907,NA,30246.518,NA,NA,21272.86,NA,43047.36,NA,30051.303,NA,18839.334,NA,13135.114,NA,NA,25527.518,6632.385,NA,NA,NA,NA,34765.7,NA,NA,44273.38,86555.445,NA,18699.344,NA
1971,2746.7258,15273.733,43400.63,27118.22,NA,188.50717,NA,54719.27,3766.228,24470.732,65542.64,8280.785,3218.5413,5279.92,NA,NA,56040.96,NA,NA,2223.722,NA,NA,33745.254,45635.87,NA,NA,21344.154,NA,1215.635,826.59186,5943.923,NA,NA,NA,24958.193,30989.748,NA,NA,NA,NA,133634.84,4392.222,7355.6255,1772.3291,52675.93,22543.395,NA,NA,NA,1393.2682,4486.7373,NA,31004.543,NA,NA,22103.176,NA,41157.684,NA,32376.389,NA,19698.943,NA,14085.702,NA,NA,26559.764,8244.867,NA,45042.35,NA,NA,36205.543,NA,NA,43233.445,86824.66,NA,18134.252,NA
1972,2990.6433,15226.304,44437.895,27937.443,NA,211.59084,NA,57953.848,4155.645,25071.217,68251.75,8064.4087,3385.7952,5989.312,NA,NA,56145.812,NA,NA,2450.4421,NA,NA,35544.41,47059.188,NA,NA,21967.92,NA,1265.2269,859.40314,6504.7266,NA,NA,NA,26009.44,32857.137,NA,NA,NA,NA,136108.38,4782.5913,7912.351,1876.1157,60582.566,23805.97,NA,NA,NA,1233.1646,3785.7375,NA,32440.975,NA,NA,22645.406,NA,41962.848,NA,33756.926,NA,19687.447,NA,14805.234,NA,NA,26912.842,8562.162,NA,61332.45,NA,NA,37769.867,NA,NA,43658.24,89989.51,NA,18524.922,NA
1973,3450.9258,15483.365,46764.82,29629.223,NA,260.05396,NA,58515.125,4846.895,25758.191,72601.02,7667.4336,3491.169,5549.995,NA,NA,56257.695,NA,NA,2244.9775,NA,NA,38673.355,49634.34,NA,NA,23715.98,NA,1251.0247,940.3789,7672.2925,NA,NA,NA,27299.904,36320.47,NA,NA,NA,NA,143086.86,4949.1387,8285.695,2136.605,63694.59,25098.098,NA,NA,NA,1276.4656,4235.4746,NA,32763.639,NA,NA,24408.629,NA,42461.61,NA,34828.387,NA,20575.9,NA,16762.922,NA,NA,28717.217,9965.174,NA,60049.047,NA,NA,39389.547,NA,NA,45868.734,92635.484,NA,20733.504,NA
1974,3790.4724,15496.195,48821.37,28406.164,NA,274.5525,NA,56344.72,5249.5273,26246.19,72712.95,7348.8003,3517.504,6055.6826,NA,NA,56299.61,NA,NA,2476.934,NA,36323.125,37158.777,48605.73,NA,NA,24337.646,NA,1313.2267,980.9496,8459.184,NA,NA,NA,27054.16,34829.89,NA,NA,NA,NA,144202.52,4927.4478,8902.519,2217.27,59485.777,24188.096,NA,NA,NA,1353.5381,4806.4272,NA,33480.51,NA,NA,24147.434,NA,42674.324,NA,35616.195,NA,20566.533,NA,17161.668,NA,NA,25708.287,9097,NA,57084.58,NA,NA,41090.85,NA,NA,43136.934,88539.28,NA,20532.182,NA
1975,4413.426,14680.416,48845.88,27808.29,NA,268.29678,NA,51002.91,5331.963,28305.281,71514.1,6370.2075,3880.876,5394.577,NA,NA,58243.77,NA,NA,2687.323,NA,37175.73,34319.99,46387.457,NA,NA,25592.28,NA,1361.0215,1178.0784,9602.464,NA,NA,NA,26090.477,33902.86,NA,NA,NA,NA,118992.5,4966.6523,9357.679,2257.1477,59339.93,22975.924,NA,NA,NA,1358.7776,4964.0205,NA,35802.945,NA,NA,25975.502,NA,32068.318,NA,37287.848,NA,21339.768,NA,17840.615,NA,NA,24958.992,9821.525,NA,45389.24,NA,NA,42798.586,NA,NA,40713.414,84425.28,NA,20532.182,NA
1976,4906.0186,15229.682,50269.727,30419.934,NA,306.78494,NA,53266.04,5609.6387,28993.348,73218.414,6517.2065,4028.6663,5493.805,NA,NA,59620.348,NA,NA,3151.5928,NA,41477.363,37233.742,49615.51,NA,NA,27193.51,NA,1394.942,1225.3157,10493.933,NA,NA,NA,27640.72,34846.26,NA,NA,NA,NA,118635.12,5453.084,9614.422,2404.0864,64218.426,25241.035,NA,NA,NA,1328.1552,4904.824,NA,37396.555,NA,NA,27896.516,NA,35193.492,NA,38173.895,NA,21603.027,NA,19463.383,NA,NA,26050.719,12112.258,NA,50400.58,NA,NA,43906.105,NA,NA,41258.832,88517.016,NA,21628.28,NA
1977,5218.6387,15705.629,52457.594,28799.482,NA,309.01828,NA,52652.25,5678.004,30104.299,76170.7,6701.5767,4337.805,5569.271,NA,NA,61100.32,NA,NA,3315.8184,NA,40817.53,36213.98,49016.832,NA,NA,28466.453,NA,1441.1594,1573.1063,11561.291,NA,NA,NA,26999.547,34660.29,NA,NA,NA,NA,109548.14,6299.744,9801.593,2589.9695,62647.734,26798.07,NA,29283.516,NA,1379.5352,4790.5645,NA,38591.484,NA,NA,29167.223,NA,39492.14,NA,39747.22,NA,21544.672,NA,18612.014,NA,NA,26461.64,13151.284,NA,51749.113,NA,NA,45269.934,NA,NA,41918.445,90070.9,NA,23336.117,NA
1978,6387.1426,15132.868,53395.312,30480.502,NA,319.06598,NA,54868.152,6108.459,31395.63,74967.516,6856.991,4715.768,5592.557,NA,NA,61690.785,NA,NA,3391.0808,NA,43714.566,37333.17,50840.336,NA,NA,30345.412,NA,1423.5168,1742.5057,10760.527,NA,NA,NA,27867.664,34536.746,NA,NA,NA,NA,113130.2,8178.973,10960.942,2684.717,63357.105,25452.895,NA,32818.312,NA,1395.2411,4635.2437,NA,40170.03,NA,NA,31100.877,NA,41836.26,NA,41511.633,NA,20769.375,NA,18388.35,NA,NA,27148.125,14809.092,NA,51381.125,NA,NA,46624.58,NA,NA,42309.723,90000.21,NA,23208.76,NA
1979,8129.018,15777.247,54945.082,31684.11,NA,342.5684,NA,56781.164,6364.0054,32417.344,75723.914,7187.755,4779.7705,5607.3154,NA,NA,61938.89,NA,NA,3698.3938,NA,45062.914,37960.01,53599.043,NA,NA,29968.047,NA,1491.562,1937.3462,11343.948,NA,30234.975,NA,28794.363,34402.676,NA,NA,NA,NA,115644.016,9150.047,11760.889,2917.6675,65201.082,23521.635,NA,33376.31,NA,1476.9795,4658.1914,NA,40415.152,NA,NA,31431.432,NA,48217.64,NA,41336.26,NA,20967.865,NA,19515.031,NA,NA,26182.943,15005.893,NA,44745.46,NA,NA,47454.7,NA,NA,44301.227,90246.46,NA,24718.246,NA
1980,9412.426,14997.139,54615.76,31108.865,NA,393.5011,NA,53791.766,6106.2324,34242.625,75759.72,7268.3604,4738.9097,5626.8696,NA,NA,59760.305,NA,NA,4175.6157,NA,44913.95,36178.18,51664.797,NA,NA,30051.14,NA,1503.5442,2037.16,10112.76,NA,28881.453,24722.586,27908.086,32306.521,NA,NA,NA,NA,106278.6,9265.178,12609.442,2860.7783,60650.074,22618.482,NA,32223.732,NA,1590.629,4907.895,NA,41887.176,NA,NA,31388.564,NA,41282.758,NA,40118.15,NA,21821.232,NA,20905.08,NA,NA,26437.58,15621.449,NA,42441.04,NA,NA,47897.688,NA,NA,40201.098,85528.52,NA,27158.336,NA
1981,11064.026,14269.554,54621.477,29116.537,NA,406.14758,NA,50769.47,5748.8203,32796.508,72108.04,7143.3975,4582.6865,5621.8516,NA,NA,59329.09,NA,NA,4697.0366,NA,38653.316,32879.965,49644.86,NA,NA,29781.45,NA,1637.859,2135.4324,9623.314,NA,27868.84,24667.633,27286.145,31413.229,NA,NA,NA,NA,90518.51,9309.122,13382.935,2767.2976,57201.83,22378.785,NA,30650.398,NA,1643.0428,4931.2793,NA,37412.926,NA,NA,31295.102,NA,46940.11,NA,39300.715,NA,24709.723,NA,21209.242,NA,NA,24896.414,13599.18,2940.547,44254.82,NA,NA,48415.734,NA,NA,38910.44,81763.75,NA,27411.127,917.79443
1982,12334.726,14134.874,53433.99,27731.281,NA,441.4735,NA,47609.375,5771.1016,33400.086,69187.89,6253.2964,4693.5454,5591.665,NA,NA,58683.16,NA,NA,5163.4165,NA,36860.363,31073.09,47509.066,19798.186,NA,29986.365,NA,1621.7012,2125.897,10377.374,NA,27501.79,26134.557,26542.271,29704.111,NA,NA,NA,NA,84708.27,9749.091,13768.684,2846.6155,52635.99,24854.201,NA,29638.092,NA,1731.0393,4777.265,NA,37791.883,NA,NA,30998.148,NA,49267.504,NA,38299.793,NA,25971.9,NA,20786.004,NA,NA,23500.383,14857.3,2903.1125,51338.734,6241.361,NA,49272.88,NA,NA,38033.305,76569.86,NA,27123.068,959.1292
1983,13067.901,14335.765,52287.727,27780.078,NA,419.92932,NA,43531.46,5410.9463,33111.406,65822.25,6299.9897,4898.9824,5828.1978,NA,NA,58701.348,37044.58,NA,5528.3604,NA,35273.09,30045.188,48175.17,20067.695,NA,28905.611,NA,1681.7031,2189.4287,11983.219,NA,26943.8,25584.686,25977.295,30154.062,NA,NA,NA,NA,79058.81,10899.81,13422.528,2863.1436,52690.605,24947.436,NA,29609.66,NA,1752.3837,3956.2034,NA,37586.5,NA,NA,30910.947,NA,50909.336,NA,37928.97,NA,25661.047,NA,21036.48,NA,NA,25432.006,15574.105,3152.3425,49489.74,6510.6416,NA,49735.35,NA,NA,37863.07,74998.94,NA,25897.307,999.54517
1984,12099.902,13912.13,53348.023,28851.346,NA,436.09805,NA,44729.492,5446.1562,32851.22,68919.914,6452.7905,5198.792,5607.757,NA,NA,60482.098,37685.594,NA,5929.7046,NA,36872.93,29109.16,49132.043,20602.342,NA,29467.785,NA,1744.3005,2357.793,12554.951,NA,26591.156,25983.723,26307.791,31046.09,NA,NA,NA,NA,85102.38,11116.755,13702.498,2847.3625,54479.19,26662.799,NA,30689.756,NA,1803.9174,4049.9668,NA,38741.47,NA,NA,30425.39,NA,58105.36,NA,40499.81,NA,26938.564,NA,20068.504,NA,NA,25014.328,15424.063,3425.8635,48233.97,6609.044,NA,50670.637,NA,NA,37597.668,78093.99,NA,25396.654,965.8024
1985,11764.669,13332.522,54075.293,29329.434,33531.336,480.29718,40262.098,45055.188,5634.639,32858.79,68964.56,6209.7256,5543.2563,5594.705,NA,NA,60157.984,42477.387,NA,6031.6543,77633.625,39893.465,28874.145,49462.78,21607.02,NA,29834.303,NA,1817.7192,2441.642,13254.686,NA,27686.209,23488.951,26257.266,30905.268,50645.824,NA,36714.54,41556.668,87387.03,10639.337,13966.241,2859.4338,55826.99,27584.857,NA,31951.64,NA,1838.4026,3762.409,NA,39261.203,NA,NA,30068.85,61590.2,56611.3,NA,40179.297,NA,26594.096,NA,19449.037,NA,36922.56,25390.232,15276.678,3545.366,49215.2,7126.671,44071.492,NA,51018.4,NA,38939.875,76872.52,24912.52,25100.29,957.73236
1986,12094.421,13987.672,54300.055,29197.152,35732.816,521.0646,45657.133,45363.75,5924.9023,34019.824,67322.6,6255.9526,5719.7026,5541.8,NA,NA,59747.39,43369.56,NA,6024.124,76745.1,40387.418,28189.99,49154.668,21316.297,NA,29536.457,NA,1912.4451,2529.6487,11907.343,NA,29805.387,24057.135,26941.797,30591.121,50893.465,NA,33682.977,37147.98,84891.53,11342.442,13487.386,2875.5923,58242.156,28910.613,NA,33664.246,NA,1917.3563,3970.8838,NA,40121.08,NA,NA,30907.506,62063.043,58194.637,NA,38527.598,NA,25859.494,14612.759,19573.174,NA,39456.945,27288.55,17095.674,3610.909,50451.8,7675.0728,53374.5,NA,51691.86,NA,40113.516,76362.34,23905.016,26138.219,1023.69305
1987,12027.957,14362.916,55093.676,29909.434,34018.645,561.8036,46010.92,46247.234,5992.0396,34233.457,68691.26,6375.483,6066.8794,5936.4214,NA,NA,59755.1,41754.273,NA,6247.147,77318.38,42201.844,28046.771,48971.855,23317.73,NA,30086.457,NA,2014.1487,2621.157,12339.325,NA,30364.047,25114.232,28325.26,31627.588,50747.973,NA,29526.424,39533.15,79520.61,11217.115,13762.59,2883.408,59221.56,29466.242,NA,33653.043,NA,2015.3638,4258.775,NA,41193.23,NA,NA,31958.072,63368.383,59031.22,NA,39332.65,NA,25586.592,15403.921,20067.078,NA,34596.18,25804.963,17893.303,4174.9756,47029.92,8280.494,51646.758,NA,52326.684,NA,40189.42,78414.55,23933.232,24530.686,1136.1177
1988,12576.018,15107.618,56674.305,29193.418,33484.992,609.41785,46387.63,47009.688,5904.858,34089.28,72522.36,7395.5825,6402.338,5685.6235,NA,NA,59818.516,41179.656,NA,6183.7783,75425.12,41988.133,27681.996,48372.57,24564.893,NA,28752.006,NA,2139.2583,2712.1975,12189.086,NA,30194.041,26185.271,29007.746,33521.332,51263.145,NA,28316.03,38830.31,80941.64,11356.525,13534.315,2981.3367,59016.72,30499.025,NA,32810.727,NA,2077.0312,4064.414,NA,40233.258,NA,NA,32019.012,63904.105,59147.16,NA,39507.68,NA,26827.29,17377.71,19860.305,NA,32564.922,25593.734,20593.256,4662.2783,51153.73,8447.238,50600.93,NA,50917.695,NA,40229.617,81034.8,23398.496,24583.363,1091.8624
1989,11908.629,14543.698,58641.637,29360.508,33744.902,637.72974,44630.234,47909.46,5911.3486,34300.84,74597.71,8806.874,6599.264,5776.8823,NA,NA,57829.645,37802.92,NA,6337.477,77309.28,42560.305,28255.297,47415.195,26581.389,NA,27894.309,NA,2282.3818,2941.0557,13068.736,NA,31409.467,26627.947,30235.633,34137.06,49544.773,NA,27613.287,39803.137,92447.88,12534.345,13965.898,3206.2903,58854.543,31479.422,NA,33116.938,NA,2152.1047,3534.118,NA,38599.754,NA,NA,32123.496,63774.695,55789.254,NA,39537.46,NA,24724.65,18340.682,21880.924,NA,31218.195,24688.39,22204.045,5239.475,49862.938,8711.86,50611.977,NA,48808.344,NA,39789.332,81630.79,23888.834,24152.898,921.6654
1990,12327.519,13467.861,58951.848,30865.152,34417.617,664.8995,44676.812,50044.44,5721.6543,31704.283,69277.266,9455.743,6555.643,5223.75,18302.666,NA,49275.94,38759.51,6338.517,6325.1753,81229.36,44149.34,28242.217,46665.723,27379.99,NA,27343.215,NA,2396.468,3171.8347,14149.6,NA,33231.855,26883.107,30869.578,35085.914,49662.977,NA,27207.44,38699.367,96791.94,13077.459,14975.4795,3221.2292,60104.992,32142.562,NA,31595.918,NA,2198.9111,3420.5872,NA,31682.328,NA,NA,30717.283,62475.945,58003.78,NA,39655.957,23786.15,25144.666,20446.873,21543.646,NA,26917.547,26150.117,22900.342,6144.0977,54875.344,9068.37,43275.996,NA,57132.37,NA,40285.82,79884.734,24297.572,25021.87,915.4021
1991,11909,13653.089,57630.383,32558.14,32520.611,629.57587,44451.13,52027.84,5743.5034,25050.46,66397.61,9793.924,6807.203,5299.3843,13916.607,NA,44645.07,44482.832,6964.938,6263.5166,74570.98,43960.652,30310.658,45367.33,27167.518,NA,25282.85,NA,2467.076,3388.2236,14892.835,NA,34311.668,26555.662,31320.445,35910.703,49177.78,NA,26127.73,41472.004,102575.63,16023.865,15141.171,3208.6704,60854.723,32550.72,NA,30567.412,NA,2252.001,3176.8591,NA,30908.201,NA,NA,25448.525,61304.188,58390.523,NA,35009.324,22390.188,24209.82,23276.723,22215.705,NA,26916.18,26435.025,24312.338,6720.8057,54307.57,9141.188,38259.605,NA,53156.703,NA,40889.78,78245.7,23457.049,23530.412,875.30597
1992,11949.859,14362.696,57901.61,30290.57,27373.766,677.22986,38479.27,51546.68,5673.835,24073.805,68021.86,10094.797,7084.3525,5938.2085,14097.456,NA,43066.254,41288.055,6805.1187,6061.8887,52772.445,42550.41,29663.836,43610.484,27683.389,NA,24051.422,NA,2563.7466,3634.1904,15936.931,NA,34176.715,30143.557,31150.588,36454.21,48456.004,NA,18618.947,23420.832,101649.625,17697.732,15006.241,3579.778,61062.695,33722.3,NA,30909.098,NA,2283.8345,3222.944,NA,29477.615,NA,NA,22633.723,58608.805,56810.156,92250.24,33320.156,21772.047,23909.043,26622.979,24048.006,NA,28504.121,26439.172,25753.162,7285.6978,57059.773,9304.764,35087.812,NA,44375.2,NA,40141.156,78725.06,21631.824,25015.615,923.06683
1993,10855.7295,14261.009,58633.574,30303.475,23101.29,737.42566,32160.344,50843.38,5839.4526,25392.498,67914.03,10624.816,7528.5854,6025.571,14709.022,NA,42494.32,43482.887,6741.403,5914.897,44908.51,42845.906,28229.182,43348.75,27797.834,NA,23082.924,NA,2578.2217,3830.5156,14552.689,NA,34780.047,31898.97,30451.162,36095.727,42658.484,NA,15404.687,17807.97,101646.74,17226.408,14701.901,3621.3716,61124.773,32834.3,NA,31820.62,NA,2471.6143,3305.1301,NA,29417.365,NA,NA,21893.812,54167.45,56193.195,97605.5,31404.893,23298.463,23615.041,29234.791,22529.621,NA,28229.64,24839.912,27622.275,8203.82,59759.97,9676.69,31625.996,NA,38087.934,NA,39966.97,79234.48,21931.184,24100.84,1045.5709
1994,10789.641,14624.845,60402.94,30238.568,21152.615,762.7521,26897.057,54304.81,6089.569,24120.621,69333.1,11227.761,7876.5693,6238.083,14269.983,NA,41106.152,46562.39,7130.044,6077.257,46444.18,46849.336,27298.877,42733.2,27973.498,NA,23505.172,NA,2649.1313,3957.8062,16476.475,NA,36005.8,32452.564,30211.85,37987.637,38108,NA,14521.673,17477.602,96276.445,17590.086,15566.868,3891.775,60038.21,33611.617,NA,33288.055,25534.031,2507.3228,3533.2393,2823.7468,28088.07,NA,NA,20601.715,49321.42,63132.098,108270.72,29637.12,23973.414,24004.305,31763.111,23516.85,NA,29817.12,25318.877,29198.16,9071.039,62963.777,9323.78,32804.625,NA,32331.453,NA,39323.18,79679.06,21247.64,25631.28,1132.5883
1995,10975.978,15150.055,61398.64,31723.953,19779.477,899.95435,23958.543,54750.832,6421.3545,25626.72,71541.16,11915.833,7996.816,6327.7485,14773.344,NA,43068.957,45458.383,6881.222,6307.394,42777.527,42848.13,28010.875,42681.254,28547.459,28937.336,23853.656,NA,2814.2717,4236.8105,16997.062,NA,36727.367,35616.676,31891.758,38428.312,34918.113,NA,13961.649,17271.55,82455.7,18849.22,14619.06,3783.7856,62091.94,33911.906,NA,34192.668,29375.078,2568.6948,3869.7717,3214.7793,28720.547,NA,NA,22431.035,46434.88,59823.93,109529.39,30442.346,25700.936,24641.55,34317.3,24856.316,NA,29573.666,23868.54,31076.72,10014.576,67949.625,10185.549,24666.967,NA,31730.787,NA,39356.79,79699.125,21221.49,26021.287,1299.6613
1996,10678.951,16071.908,62475.824,33856.094,16001.2705,917.75214,24633.928,58201.008,6752.897,25240.918,72308.24,13027.432,8390.287,6296.866,14912.374,NA,44625.664,53947.26,7571.5005,6517.4634,46001.02,46502.297,29141.557,44011.707,28863.086,28513.865,24372.756,NA,2896.9954,4471.307,18260.553,NA,38476.49,36031.4,31625.912,39071.75,30925.795,NA,14190.278,18209.557,83911.86,20732.895,14676.026,3752.968,64328.184,35371.168,NA,36312.625,29626.945,2646.3643,3918.5833,3350.658,30150.336,20366.21,NA,22342.951,44843.99,60202.785,107257.734,31126.363,27241.639,24680.238,37717.973,24613.87,NA,31789.416,24676.396,32017.73,11193.377,76704.555,10849.47,36691.816,NA,29096.404,NA,41158.35,81370.2,21428.592,24350.295,1471.253
1997,10097.628,15606.976,63378.88,33673.227,15136.405,948.5862,25001.521,57601.65,7174.826,23887.723,73667.15,14820.429,8362.765,6638.282,16141.166,NA,42795.09,48150.043,8416.841,6652.7666,45728.04,45068.73,28405.432,42938.934,29650.588,28363.012,23794.44,NA,3002.7327,4826.3574,18702.89,NA,39371.62,38503.953,32199.582,39107.562,27781.037,NA,13219.672,17712.062,80901.58,23676.768,14897.367,3839.6147,63062.742,37151.305,13647.233,37362.598,30043.963,2597.1726,3753.14,3627.125,29851.885,21129.842,NA,20466.717,42161.953,59696.37,109560.49,30542.23,28338.803,24798.572,41421.023,26155.873,NA,29667.666,25527.92,34098.51,11654.951,76406.71,11282.66,NA,NA,28071.97,NA,39996.46,81424.65,20978.965,25176.916,1754.5509
1998,10282.931,16234.633,64295.68,34270.203,15032.282,989.151,24549.229,59092.25,7297.089,23101.232,74016.38,15379.5625,8311.815,6688.778,17360.191,NA,41355.68,45636.86,8328.537,6786.5815,41311.043,44215.34,29979.543,42709.67,31406.883,28449.787,24290.764,NA,3096.229,4597.4136,19119.723,NA,41679.64,39648.95,32973.438,38085.367,26792.451,NA,13277.544,18591.426,76870.375,22111.412,15379.85,3920.4736,62828.176,35017.78,15262.767,37631.47,30345.682,2622.054,3788.3865,3487.5386,28573.682,23322.602,NA,18407.2,42220.35,61183.164,108043.25,30640.506,27933.713,24011.482,36302.914,27269.682,NA,30120.12,25790.328,35953.188,10672.949,77298.47,11323.313,NA,NA,27029.648,NA,40095.72,80856.69,20659.777,24697.244,1929.2806
1999,10242.965,16688.752,66238.22,33436.33,15046.718,982.3862,23996.287,57551.992,7285.965,20129.818,75433.32,16363.511,8565.098,5747.3896,17462.223,NA,39363.71,43758.543,7171.1895,7110.9272,38250.63,44008.2,29692.746,41601.348,30984.941,28398.512,24300.201,NA,3130.572,4953.2007,20415.078,NA,43600.953,40235.316,33715.05,39065.312,25486.5,NA,12543.885,16226.645,80341.8,22670,15098.727,4118.6973,61661.113,36957.543,14031.512,37096.613,33996.68,2738.29,3778.3943,3304.3452,28046.484,25332.82,NA,15987.029,42528.33,60706.84,104259.586,29926.615,27497.416,24685.684,39057.473,29436.139,NA,29461.25,25542.926,37633.957,11270.758,85626.12,11168.09,NA,NA,27042.38,NA,39908.414,80950.14,22938.047,23059.26,1885.7195
2000,9741.337,16061.651,65895.28,33253.867,15569.464,1036.478,24854.434,58793.93,7615.245,19513.83,76803.21,16061.935,8769.297,5647.662,17031.225,NA,41854.895,41144.105,6464.374,7375.0947,39592.426,43306.41,29494.469,41590.516,32686.598,29337.334,23508.256,NA,3248.5784,5232.2197,21134.986,NA,45058.203,37155.656,34214.34,39797.36,22806.006,109536.43,12289.739,14892.124,84232.09,25659.174,15866.9795,4032.686,62039.65,37879.395,13439.08,36270.582,47317.117,2760.8545,3714.9485,3228.178,26245.727,24821.928,NA,16476.004,43295.87,61950.85,109096.14,29348.623,26908.03,24430.244,41102.61,30499.564,NA,27318.09,24810.326,40325.883,11457.552,86733.23,12031.616,NA,NA,27263.752,NA,40654.5,82243.28,23166.186,23991.543,2166.0674
2001,9955.143,14777.17,65693.07,35063.773,14900.383,1159.4684,24293.521,58480.18,7694.9043,20485.15,75799.945,15734.415,9110.632,5581.208,17844.629,NA,42566.234,40974.938,6594.5845,7555.379,41609.387,45737.2,29197.191,42451.08,33181.492,36671.15,24272.953,NA,3208.9155,5504.081,22196.27,NA,47042.207,36414.6,34002.035,39274.54,25681.8,107600.5,13700.639,16110.332,89217.25,25747.527,15620.51,4278.1597,64075.08,39377.96,13239.325,36410.125,51864.105,2717.9639,3472.2854,3146.5205,25920.68,24316.115,NA,16786.797,43977.125,64399.93,121128.19,29952.445,28261.637,24452.41,41971.168,30801.242,NA,27713.387,26275.68,41843.723,11973.115,94790.38,10955.71,NA,NA,27115.38,156784.61,40760.605,79694.125,22911.406,25700.7,2362.2278
2002,10175.09,14038.0205,66184.305,35145.59,14298.943,1146.8385,25296.654,57679.594,7574.812,19439.01,77547.97,15765.25,9881.282,5344.534,18859.072,NA,41477.523,40237.49,6284.8843,7645.44,41689.918,47297.5,28688.969,41845.69,32973.594,35543.58,23760.184,NA,3280.0996,5605.7144,23807.547,NA,45528.766,36429.594,34008.355,39233.41,25946.77,110790.91,14516.003,16304.228,96728.55,26595.418,15874.146,4336.525,63691.043,38642.633,12665.978,36309.777,54547.51,2732.6267,3517.558,3113.335,25652.025,25701.652,NA,17503.855,44150.67,65480.074,115095.37,29812.766,28390.82,23487.709,43554.082,32200.812,NA,27955.479,24857.543,43252.92,12830.951,101606.625,11517.446,NA,NA,27234.803,162836.47,39606.875,79560.88,23186.877,25347.346,2624.4082
2003,10486.487,15136.219,66309.15,37537.38,15228.882,1192.2144,25280.512,60190.098,7447.3975,21291.082,78919.55,15858.84,11529.114,5269.3843,20284.34,NA,42569.887,42821.574,6449.298,7999.052,45728.094,52482.8,29099.238,41858.516,34309.73,36507.19,24976.83,NA,3346.9622,6029.846,23961.668,NA,43834.76,36842.875,35063.156,40733.527,28519.61,128997.91,14701.957,16766.385,100331.24,28216.72,15948.562,4237.195,63843.56,37262.953,13514.635,37747.066,55961.418,2876.176,3370.9304,3155.4846,26597.104,24197.777,NA,18114.762,45379.094,67781.14,107110.51,29721.303,28541.797,25328.736,44310.906,32162.3,NA,27808.918,24353.93,45263.586,13690.896,114321.695,12057.921,NA,NA,28116.37,165507.61,40049.13,79156.016,20551.516,21660.998,2826.2
2004,10736.774,16351.622,67641.09,37599.38,17058.918,1247.9563,28494.363,60170.816,7760.0166,20643.803,78622.42,17316.486,13365.722,5460.3286,19927.602,NA,43518.805,39387.844,6848.2017,8302.404,46914.94,48446.055,29136.133,41429.168,34290.4,40706.633,25068.78,NA,3500.1323,5884.49,26026.557,NA,43728.254,36879,35237.258,40169.305,30112.65,140639.6,16052.499,17636.549,111848.39,29753.021,16583.523,4774.8613,65559.89,35646.42,13154.171,37266.88,57277.863,3149.1755,3810.3818,3144.7346,26736.91,25023.227,NA,18539.148,45765.516,71949.19,118904.45,29034.072,28977.967,27414.537,45363.797,33083.633,NA,27577.67,24748.807,47080.05,14803.054,124670.77,12397.679,NA,NA,27744.799,169047.55,40439.438,79948.516,20474.047,23450.398,3601.3225
2005,11065.477,17161.697,66901.25,38014.773,18278.164,1334.0037,28585.334,58836.953,7784.009,22074.09,76668.09,17208.912,15107.313,5212.084,20106.621,NA,43038.887,37612.758,7312.162,8368.58,47348.15,42560.83,28826.055,40735.957,34302.758,38935.484,26220.771,NA,3680.37,5974.964,27054.092,NA,44345.402,36394.35,35372.85,41058.516,30794.748,149455.02,16628.648,19142.246,111728.9,31476.67,17894.123,5191.2817,66299.11,36160.438,13620.196,36151.617,62042.594,3163.3792,3945.7441,3107.3806,27215.848,26052.932,263541.66,18362.438,45881.293,74232.8,123200.69,30513.031,29369.625,25767.26,46152.92,34149.46,NA,26259.01,24807.045,47423.66,15169.883,136700.28,12841.919,NA,NA,28267.594,164587.45,40343.56,79218.38,20395.768,23564.998,3876.3171
2006,11323.462,17675.01,68821.47,37020.41,17907.168,1427.4062,30583.52,58746.133,7877.3276,22589.615,75759.01,17436.092,16459.682,6113.7354,20154.236,32600.066,43455.23,41808.293,7633.251,8663.595,46996.63,48095.78,28119.734,41398.223,35015.926,41052.566,25901.5,NA,3787.765,6016.228,29003.52,NA,44203.062,35975.684,34959.43,40446.44,32945.42,135875.53,16589.967,19443.82,107765.375,31074.908,17877.926,5232.947,64614.656,35877.098,13689.614,36117.242,66562.56,3303.9797,3798.855,2824.4817,28445.125,23707.291,NA,19129.484,48244.59,74860.33,131384.6,29146.037,29845.785,26044.469,46845.67,33085.37,NA,26378.951,24446.979,48694.67,15276.348,157490.6,14053.337,NA,NA,28788.117,151316.52,39726.074,77357.71,18870.904,25913.639,3367.11
2007,11740.897,18910.846,69429.34,35323.31,16262.671,1452.9916,29979.7,58365.29,8172.6846,23937.38,78492.53,18035.553,17743.492,6090.0146,21566.879,32560.555,42793.55,38881.09,7577.7183000000005,9030.801,54681.934,46554.574,27371.438,39590.484,36543.758,43421.28,25100.045,37098.49,4047.9868,6363.2983,30459.473,NA,43379.25,36669.676,34198.258,40802.516,36222.492,124447.086,17413.95,21431.42,101783.08,32496.965,17898.037,5119.2905,65239.36,35072.484,14409.527,36457.68,65965.83,3454.9773,4291.4663,2949.2637,28224.725,23617.645,NA,18527.941,48506.113,73638.34,135920.02,27928.428,29753.361,26424.738,48681.01,33336.633,2800.279,25502.418,23330.428,50655.145,15662.064,159803.89,15190.728,NA,NA,28870.383,139351.48,38688.31,77887.45,19733.781,26916.256,3616.92
2008,12229.294,19009.867,69435.5,35321.39,16099.593,1513.2169,30478.078,59586.9,8556.046,23381.719,75436.22,17378.72,18000.25,6282.949,20803.086,NA,41403.492,37295.72,7648.4155,9384.012,50287.504,42099.242,26970.512,39719.082,35631.574,40116.88,24410.16,NA,4259.343,6339.651,31396.15,NA,41685.37,37068.51,32737.07,40492.84,37938.39,127410.77,17289.344,21311.56,99120.57,32809.348,18173.979,5586.1904,63864.875,35379.906,14102.531,34863.125,75738.22,3476.8572,4808.72,2956.633,28540.7,22878.041,NA,17989.598,48994.688,77575.35,139711.3,28487.322,31578.295,28061.14,49031.277,31101.588,NA,24830.525,23943.031,48486.56,15541.314,156527.94,15139.257,NA,NA,27928.658,134274.22,37945.004,74575.65,18446.648,27087.326,4486.2627
2009,12725.983,17943.129,66957.81,32523.87,13565.871,1663.2366,28896.02,52864.445,7992.5703,19762.596,71202.66,16218.079,18734.283,6378.7524,19509.363,NA,38755.27,34609.055,7687.9097,9594.103,42763.84,39840.453,25552.088,37145.074,33705.363,43533.85,22019.047,NA,4548.8345,6424.887,31751.764,NA,36479.72,35357.574,29598.832,35960.164,33519.23,122660.6,15909.924,18360.207,93077.45,31162.105,17929.121,5228.1396,62341.008,33089.496,13192.986,33499.004,73844.14,3421.3796,4809.857,2952.6104,27300.137,22066.736,NA,15474.937,46072.875,77417.22,145017.38,25918.766,27809.023,27612.549,49364.5,27761.943,NA,22522.24,22926.059,46793.55,15846.13,154453.97,15037.492,NA,NA,23426.582,115800.97,34674.08,69368.12,17974.238,27219.027,4437.615
2010,12229.062,18534.785,65568.57,34623.395,12868.884,1676.961,31384.385,56317.94,8909.68,20370.924,72701.625,17157.926,19762.605,6764.0483,18871.113,NA,40049.055,35893.625,8701.494,9801.154,52454.633,44262.723,25838.447,38543.2,31509.072,45006.055,22480.566,NA,4664.2876,6814.14,31864.209,NA,36858.074,36085.273,30154.527,37992.56,35418.28,133508.5,18672.34,20098.105,96361.94,31730.777,17593.863,5652.3384,67602.75,33106.832,12964.78,34804.766,82213.055,3348.9211,5652.298,3067.8267,28939.146,20827.627,NA,15133.655,48147.676,83336.77,149398.58,27573.736,28045.441,27482.775,53661.062,26545.08,NA,24389.43,23544.754,50376.94,16784.49,165574.38,15006.258,NA,NA,25222.08,114650.6,35444.914,71261.59,17595.076,25917.684,5271.0596
2011,12680.638,19097.166,65748.54,32879.44,14783.349,1789.1952000000001,30898.943,50823.246,9114.419,22599.611,73780,18308.83,21285.139,6597.447,18336.824,NA,38342.863,32004.518,8729.109,10100.223,52215.5,39869.89,24179.928,37245.68,31579.807,45834.227,21884.672,NA,4784.817,7176.706,32708.863,NA,33906.03,36069.105,29142.584,38395.668,39861.906,125379.17,17095.893,20981.492,91805.05,31585.36,18112.566,5996.45,63664.504,32544.322,14224.819,33636.227,80976.875,3249.4822,6259.2827,3028.0752,28876.86,20681.293,NA,16319.691,50022.227,84815.77,151591.56,26174.793,27286.537,26724.11,55763.69,26589.066,NA,22026.219,21380.545,49991.875,17015.621,162340.89,15861.219,NA,NA,26471.783,119049.48,32295.867,69303.54,18386.725,26825.373,5472.846
2012,13594.317,19803.955,63738.773,31579.604,15296.674,1922.385,33462.785,49282.63,9678.66,20900.92,72787.63,18870.242,21649.555,7193.311,16805.686,NA,37372.195,28581.47,9002.516,10293.007,52122.746,35927.004,23991.393,37433.844,29183.299,43722.906,20133.857,NA,5018.8647,7309.236,32494.854,NA,33273.82,37043.402,27720.693,41083.32,41449.49,117201.99,16727.598,21083.965,87676.82,33947.586,18137.041,6055.178,62190.094,33995.746,13569.852,33157.55,80129.01,3219.455,6394.03,3068.8188,27659.225,19654.24,233116.9,15897.033,50210.414,88059.805,149095.3,24512.963,26351.06,26054.705,56276.023,25931.068,NA,20545.314,21851.037,49348.508,17962.932,157932.36,16488.352,NA,NA,25876.64,123951.1,32345.314,66924.48,17794.03,28190.992,5350.003
2013,14121.584,20236.639,62923.895,31344.252,15594.721,1973.1709,30262.418,49722.242,10145.049,18958.596,73336.75,19188.34,22184.709,7614.3193,16330.912,NA,36076.684,29096.008,9431.036,9989.812,55908.348,37185.96,23948.482,38533.074,26338.809,44471.938,18981.432,NA,5085.1323,6826.4062,33143.285,NA,32311.059,34366.004,25389.186,40703.45,40962.312,116364.95,16797.383,19292.094,81055.984,34793.3,17915.207,6007.583,60208.555,33921.88,12257.564,32855.62,83182.484,3184.8743,6460.8535,3288.6013,27773.8,19564.64,236838.86,14094.412,49225.37,86749.92,147899.72,24848.662,25182.643,25752.686,56433.15,23854.16,NA,19967.746,22128.2,50101.9,18130.18,158643.08,15917.589,NA,NA,24504.334,129459.195,31518.783,68010.71,17592.066,27302.201,5554.9385
2014,15090.883,20020.451,62761.85,29432.531,15749.371,2027.6732,30325.258,46812.812,10517.655,20201.037,73455.7,18432.727,22257.494,8050.3403,16029.383,NA,35210.055,26572.594,9771.43,9645.122,53131.562,34172.004,21634.684,36198.457,25136.215,43079.223,18833.666,NA,5363.6274,6848.658,33995.758,NA,31514.48,32795.496,23447.893,39657.9,42443.965,109965.305,16238.266,18760.172,76148.305,34470.91,17328.951,6055.0537,57048.688,34671.97,11618.279,32611.46,78766.01,3239.3047,6567.9717,3433.5134,26506.787,19368.916,235335.89,13958.993,49318.758,91254.19,148254.44,22453.467,23025.076,25554.184,55437.75,23446.736,NA,19198.037,19673.9,51235.645,18553.488,157733.06,16769.662,NA,NA,21053.105,127890.336,29040.625,68087.3,18086.72,26329.65,6129.9995
2015,15601.193,20115.787,62999.273,30144.95,16941.422,2419.4265,27421.705,48478.523,10092.728,21827.303,72643.71,18102.4,22160.79,7408.5547,16542.154,NA,35170.96,25231.445,9324.6045,9557.997,48599.348,32096.895,22135.375,36322.855,24962.992,44025.074,20146.445,NA,5491.542,6921.2505,32897.086,NA,32383.408,33883.824,24853.42,38672.41,34226.887,113736.98,16857.518,19764.055,71774.78,34421.12,17006.129,6025.945,57064.965,33982.074,11385.051,32980.1,80452.39,3382.3171,6790.3936,3724.1753,26717.105,21058.496,245558.78,13985.587,48182.344,93328.766,154986.83,23047.564,23031.156,24462.295,55572.844,24680.283,NA,18893.191,19824.377,51635.855,18751.143,151775.28,17104.156,NA,NA,16836.994,137601.4,28358.326,66714.31,16882.31,25143.904,7319.205
2016,15272.843,19927.385,61624.5,30335.357,16490.475,2401.0813,27981.428,48750.543,9263.867,20933.736,70430.84,19151.922,21823.236,8503.356,17071.957,NA,35272.87,25808.521,8698.031,9900.272,50154.62,33719.617,22391.418,37174.88,24656.535,44965.36,20611.85,NA,5684.788,6835.9287,33927.594,NA,33901.582,33752.98,25083.416,38021.918,37571.504,109394.29,17534.809,20189.621,68829.23,35237.793,17220.445,6006.062,57739.867,33487.688,11865.945,31721.953,76959.77,2017.0454,7236.561,4018.6428,28024.234,21172.613,224322.64,13979.056,48815.402,95154.875,161758.8,23294.002,24535.145,25177.602,57171.15,24368.967,NA,19236.1,18933.68,52041.86,18963.42,133227.6,17602.41,NA,NA,18217.678,141808.84,27577.93,65453.965,16024.277,23461.145,7802.978
2017,15126.543,19680.186,60740.35,31110.195,16072.637,2467.9375,28401.74,48984.094,9332.207,22284.133,70540.47,19045.402,22343.951,7925.007,18023.05,NA,36683.133,24234.018,8364.049,10113.973,55318.8,31900.504,22733.664,37045.01,26501.787,48057.836,22053.95,NA,5805.181,7032.3667,34678.992,14170.751,32799.8,33746.477,25688.057,38132.484,40073.266,107962.33,17302.105,21104.088,69403.67,34692.074,17321.303,6233.5386,57581.45,34473.633,12289.454,31809.533,77795.63,3835.8975,6838.961,4357.814,29419.85,23007.441,207854.69,14744.829,48952.27,93048.94,164316.77,25020.879,24964.055,24839.162,58186.027,25699.383,NA,19284.059,19127.861,52987.242,19102.44,140029.83,18922.82,NA,NA,16285.109,133813.62,26921.26,64632.117,16087.055,22453.955,7798.362
2018,15925.02,19258.883,59666.56,30322.549,16833.99,2609.0085,31487.78,51340.973,8836.361,21121.174,71784.305,18946.555,23090.01,7963.477,17210.01,NA,36257.17,24170.49,8802.886,9907.259,54172.297,32643.193,21908.648,35519.344,26258.535,48478.46,22279.479,NA,6038.0254,7429.167,35620.734,14404.442,32523.857,33865.8,25469.299,37308.98,41015.188,106504.36,17230.428,22228.857,70922.49,34842.598,16786.457,6253.096,55474.535,33098.06,11921.226,31906.523,81653.54,3899.5828,6977.6035,4446.151,29872.295,21869.201,201834.78,14801.797,50831.316,88561.06,163005.61,24909.098,25108.459,23676.572,59526.273,25274.377,NA,17257.7,18176.248,52966.367,19419.871,128943.39,18439.082,NA,NA,17159.264,125527.52,26434.71,66877.98,16162.535,18608.87,9066.697
2019,16211.092,17779.336,60367.375,31098.203,17694.033,2895.6763,31676.771,49405.62,8680.78,20827.049,70684.02,19053.412,23840.193,8005.2393,17580.947,NA,34945.477,22290.203,8321.977,9439.065,42239.945,30917.422,21559.725,33785.625,25721.227,45845.625,22284.37,NA,6054.078,7824.0444,36449.31,15051.832,31375.678,33951.055,25021.668,36220.37,41028.434,94592.94,18518.145,22083.982,70234.88,35261.715,16455.648,6719.7544,54195.598,33603.637,12999.659,30928.984,81056.41,3815.2405,7038.164,4551.6694,28691.8,20970.73,207712.9,14636.4375,50243.562,82808.76,157973.9,23096.758,24013.49,24407.402,57737.457,24491.877,NA,17344.242,18500.121,50988.61,19266.426,128415.695,17940.111,NA,NA,16177.153,131293.44,25478.295,65650.164,15920.61,16957.742,10572.792
2020,14888.941,16376.285,55051.24,27766.033,17639.72,2713.0447,29360.777,43686.953,8002.5884,18760.398,63361.4,16997.434,24372.002,7144.6733,16504.225,NA,31577.725,18640.746,6652.963,8602.723,37205.28,27168.045,18458.41,30651.352,21708.764,34227.48,21629.916,NA,5626.037,7145.881,37879.355,NA,27938.45,31174.809,22201.4,33450.93,37124.52,91209.484,15932.275,21983.82,57319.54,33319.113,14507.214,6110.975,50453.15,28793.121,11273.771,28928.107,79251.336,3684.3271,5844.542,4030.0183,27285.287,17581.617,185149.81,13919.925,47829.625,80168.99,153566.2,22260.988,21428.223,22622.416,54416.523,20081.115,NA,15717.244,15824.502,49374.58,17865.682,111535.59,17614.973,NA,NA,15506.4375,127804.49,21643.959,59346.543,15713.717,12331.934,10151.177
2021,15977.152,18205.441,53381.383,29200.684,18764.215,2887.2131,30062.072,46635.918,9005.033,21793.09,64602.39,18504.69,25452.287,7699.378,17013.49,NA,33712.715,19319.91,8083.7393,9105.887,39445.348,26448.344,19952.602,32312.695,23143.05,32298.6,22774.953,NA,6085.23,7214.8003,37219.195,NA,29369.143,31119.898,24308.146,34636.36,41115.29,99665.63,16990.52,22041.354,60717.13,34194.44,15217.73,6710.1064,50498.977,27492.916,11706.582,29114.104,86559.195,4031.101,6814.3867,4202.107,29445.678,17272.014,201395.5,14884.894,49603.793,82884.45,152755.19,24794.666,22004.385,22345.924,57245.63,21755.887,NA,16886.094,16091.441,52844.99,17968.354,113463.484,19310.201,NA,NA,15174.979,128504.87,22519.404,62819.812,16212.131,15124.242,9485.157
2022,16310.98,19451.102,54620.746,27159.941,19832.102,3000.6523,29259.062,43711.547,8700.048,23545.316,66088.05,18727.951,25508.78,8123.6387,17103.04,NA,32759.732,19704.54,8708.343,9400.668,41223.45,25790.674,18967.488,31151.562,24323.158,28761.508,20338.37,NA,6315.1753,9129.12,38495.457,NA,29604.43,32213.996,24294.357,34646.324,40449.344,101181.68,15091.6875,20133.79,53171.406,36152.35,15887.448,6631.5874,45617.46,25443.936,12650.972,28682.938,90213.3,3543.7766,7250.593,4330.767,26873.613,18013.072,209834.67,13507.945,52059.96,86375.03,146763.42,21627.75,21175.502,21312.04,56717.266,23096.86,NA,15088.167,15618.953,50253.85,17914.39,113021.12,18837.527,NA,NA,11113.416,136124.2,22270.809,63494.156,16590.22,16663.8,9186.314
2023,15416.596,18648.033,53779.406,25737.123,21373.879,2910.3843,27749.467,41036.965,8677.089,19294.332,64956.05,17838.6,27129.264,8549.937,17270.031,NA,29895.691,18942.354,9148.316,9131.987,35453.06,22978.654,17850.02,28553.773,23123.361,33182.87,18263.344,NA,6768.019,9059.86,38691.266,NA,27773.896,31346.91,22643.973,32709.629,40325.87,101548.734,14966.555,20136.86,50604.395,35850.625,16464.896,6563.732,43976.914,26407.252,13374.528,28196.828,91712.89,3189.5823,7371.403,4569.4004,24483.904,16442.748,225427.1,12522.295,52628.477,86793.04,159430.39,20531.35,19192.523,21067.861,54822.95,21871.592,NA,14585.001,15448.007,47965.766,17851.133,106736.195,18428.986,NA,NA,11751.562,137598.38,21153.191,62065.926,16082.265,18473.281,10616.693
