Year,Algeria,Angola,Antigua and Barbuda,Argentina,Australia,Austria,Bahamas,Bahrain,Bangladesh,Barbados,Belgium,Belize,Benin,Bhutan,Bolivia,Brazil,Brunei,Bulgaria,Burkina Faso,Burundi,Cambodia,Cameroon,Cape Verde,Central African Republic,China,Colombia,Comoros,Congo,Cook Islands,Costa Rica,Cote d'Ivoire,Croatia,Cuba,Cyprus,Czechia,Democratic Republic of Congo,Denmark,Dominica,Dominican Republic,East Timor,Ecuador,Egypt,El Salvador,Equatorial Guinea,Estonia,Eswatini,Ethiopia,Fiji,Finland,France,French Guiana,French Polynesia,Gabon,Germany,Ghana,Greece,Grenada,Guadeloupe,Guatemala,Guinea,Guinea-Bissau,Guyana,Haiti,Honduras,Hungary,India,Indonesia,Iran,Ireland,Israel,Italy,Jamaica,Japan,Jordan,Kenya,Kiribati,Kuwait,Laos,Latvia,Lebanon,Liberia,Libya,Lithuania,Luxembourg,Madagascar,Malawi,Malaysia,Maldives,Mali,Malta,Martinique,Mauritius,Melanesia,Mexico,Micronesia,Morocco,Mozambique,Nepal,Netherlands,New Caledonia,Nicaragua,Nigeria,Niue,Oman,Pakistan,Palestine,Panama,Papua New Guinea,Paraguay,Peru,Philippines,Poland,Polynesia,Portugal,Puerto Rico,Reunion,Romania,Rwanda,Saint Lucia,Saint Vincent and the Grenadines,Samoa,Sao Tome and Principe,Saudi Arabia,Senegal,Seychelles,Singapore,Slovakia,Slovenia,Solomon Islands,Somalia,South Africa,South Korea,Spain,Sudan,Suriname,Sweden,Syria,Taiwan,Tanzania,Thailand,Togo,Tokelau,Tonga,Trinidad and Tobago,Turkey,Tuvalu,Uganda,United Arab Emirates,United States,Vanuatu,Venezuela,Vietnam,Yemen,Zambia,Zimbabwe
1961,,175000,0,11649,123863,,3500,100,446000,2200,,1500,10000,,105000,2823040,418,,,1000000,130000,154200,4000,42000,48000,571600,20000,3517,320,398339,98000,,40000,406,,235000,,29211,372552,16000,2597000,65708,,11500,,1418,,8800,,,2500,415,10000,,20000,707,16400,165000,369000,95000,0,3000,110000,737145,,2257000,800000,0,,44100,700,176300,1300,13771,400000,1800,0,5000,,26000,54000,110,,,135000,34000,367000,500,24000,,160000,1678,322340,646661,,0,21429,,,2500,24000,,225,7500,23400,,543500,310000,145000,,1041060,,42120,33800,115350,7000,,986976,53000,27450,36000,4337,,3000,850,386,,,140,98000,55032,0,315300,,3122,,0,129669,86200,646000,8600,10,5000,4000,5200,150,200000,0,4007,900,753015,360000,10000,500,29000
1962,,185000,0,47250,123863,,3800,100,512100,2100,,1700,10000,,122600,3126860,423,,,1010000,100000,156850,4000,42000,35000,519100,20000,4500,330,472532,131300,,41342,1152,,240000,,28667,360431,16000,2486000,57342,,12266,,1919,,7100,,,2720,425,8000,,20000,1374,17000,163000,335500,86000,0,4000,110000,673016,,2425000,800000,0,,49200,700,183500,1400,17213,400000,1850,0,5100,,25000,55000,150,,,137000,35000,372000,500,24000,,175000,1705,330670,710375,,0,20421,,,2500,30000,,150,7500,10200,,551000,320000,141000,,1030900,,51065,25500,115350,7000,,1471830,65000,28800,44000,4337,,4000,900,330,,,140,107000,37190,0,305400,,4047,,0,140875,84400,663000,8800,10,6000,4500,5400,150,200000,0,3497,930,655440,362000,11000,500,30000
1963,,200000,0,36380,122745,,4100,100,469400,2000,,3000,10000,,140000,3256300,426,,,1050000,150000,142000,4000,45000,43000,580600,20000,5300,330,442036,139400,,42661,747,,245000,,28597,310695,16000,2473000,55524,,12000,,907,,9100,,,1800,435,8000,,20000,1626,19700,168000,362100,81000,0,4896,115000,631293,,2601000,850000,0,,50600,700,199300,1300,9600,400000,2000,0,5300,,28000,56000,140,,,145000,35000,369000,550,24000,,150000,5500,342694,939740,,0,33064,,,2500,38000,,175,8000,37600,,561200,330000,196000,,1025050,,46100,27700,118800,7000,,879180,69500,33280,41000,3069,,4000,1000,315,,,144,126000,53252,0,340900,,4916,,0,132489,93600,796000,9000,10,4000,4899,5600,150,200000,0,2833,950,771420,385000,12000,500,30000
1964,,205000,0,65500,135226,,4300,100,571100,1900,,2300,10000,,157600,3517340,435,,,1130000,160000,145000,6000,48000,99000,559600,21000,6500,430,483076,135000,,32723,711,,250000,,42545,280867,16000,3300000,49682,,12000,,1000,,6300,,,1840,450,6000,,17000,1586,16500,162000,332400,81000,0,4966,120000,714764,,2684000,880000,0,,49800,700,213600,1800,8248,400000,2120,0,5400,,22000,56000,100,,,150000,36000,359000,600,24000,,120000,2988,350426,948768,,0,30000,,,3000,38000,,260,8000,41700,,568700,340000,195000,,993940,,46801,32800,106950,7000,,1033343,79000,33100,40000,4926,,4000,950,305,,,146,140000,28681,0,364200,,3034,,0,267898,102000,743000,9200,11,5500,7212,5800,150,200000,0,4128,980,742035,400000,13000,500,31000
1965,,210000,0,37000,127719,,4500,100,619800,1800,,4000,10000,,165500,3624630,438,,,1140000,127000,135000,7272,50000,145000,653000,23000,8000,450,516122,138300,,36326,1290,,255000,,49756,266044,16500,3304000,64005,,12000,,903,,4000,,,1280,460,5000,,13900,1398,26000,162000,285800,87000,0,4440,125000,724500,,3271000,950000,0,,44000,700,238900,2000,15400,400000,2240,0,5500,,25340,56000,140,,,155000,36000,371000,600,24000,,220000,10318,333148,1035080,,0,25000,,,3000,18000,,220,8000,50800,,578900,325000,232000,,959650,,45291,34000,117600,6000,,1202250,102500,33800,33000,2886,,2282,1000,305,,,148,157000,28943,0,372400,,16154,,0,460094,102000,1173000,9400,11,11000,6985,6000,150,200000,0,3248,1000,825255,410000,14000,500,31000
1966,,210000,5,103760,119241,,4700,120,760000,1678,,5600,10000,,173800,3701020,311,,,1150000,133000,130000,5737,50000,120000,720000,23000,10000,370,570634,154500,,28967,1422,,260000,,48840,225207,16470,2522089,85413,,12600,,903,,6500,,,1300,475,5000,,12200,1135,26000,162000,336300,80000,0,5101,130000,981400,,3412000,980000,0,,53900,700,240400,2000,15373,400000,2400,0,5700,,29750,56000,140,,,180000,38000,252000,650,24000,,260000,9023,350750,1057573,,0,25000,,,3000,26000,,430,9000,45700,,586400,340000,209100,,999364,,32436,35727,109950,6000,,1206900,99000,30450,15000,2238,,1929,1000,302,,,150,126800,38378,0,385100,,24627,,0,527721,134500,1274000,9600,11,16000,5987,6200,150,235000,0,3989,1100,840060,415000,15241,500,32000
1967,,213000,8,129616,124479,,4900,120,741700,1500,,6100,10500,,182500,4188910,318,,,1170000,153000,140000,6470,50000,100000,764000,23500,10000,550,592811,165400,,26778,1118,,260000,,48470,220394,16770,2556828,65859,,12600,,700,,4200,,,1150,485,5000,,8100,1088,31000,173000,336800,65000,0,5293,140000,1241623,,3203000,950000,0,,50500,900,234200,2000,24162,400000,2480,0,5800,,27157,57000,140,,,170000,40000,241000,650,24000,,240000,9865,373501,915777,,0,20000,,,3000,61200,,450,9000,50800,,591800,365000,215900,,1007398,,44637,35268,107250,6000,,1560000,95000,27250,22000,2873,,2000,900,305,,,151,115500,51828,0,373100,,35441,,0,653800,89000,1200000,9800,12,21000,8119,6500,140,315000,0,3672,1150,859350,430000,15241,500,33000
1968,,213000,10,53360,130688,,5100,120,767100,1350,,8300,10500,,192000,4387310,73,,,1200000,136200,160000,6889,50000,90000,770000,24000,10000,360,799960,174648,,26931,1321,,270000,,55884,230814,17100,2765117,86000,,13000,,499,,6200,,,1130,500,6000,,8100,915,32000,140000,452100,75000,0,5114,150000,1344160,,3125000,920000,0,,44000,900,198000,2000,17960,400000,2600,0,6000,,29526,58000,100,,,210000,40000,242000,700,24000,,245000,10763,383052,904285,,0,13500,,,3000,63000,,500,10000,51200,,949000,372500,220000,,976084,,42002,28539,105300,6000,,1615000,92000,31100,22000,2708,,2500,850,305,,,152,114300,45645,0,394900,,44998,,0,645467,73400,1200000,10000,12,18500,9117,6800,130,328000,0,2942,1200,948690,450000,15241,500,35000
1969,,250000,12,140900,125481,,5400,120,744744,1874,,3900,11000,,201600,4815870,73,,,1200000,133950,160000,9291,53000,80000,780000,24500,13000,1500,961973,172194,,29533,1828,,266500,,60000,233969,17430,3031113,91000,,13000,,520,,5800,,,1200,520,6000,,16300,717,28000,145000,478200,80000,0,5754,155000,1416595,,3172500,1103000,0,,53000,900,196000,2000,19378,400000,2650,0,6100,,29361,59000,100,,,256825,40000,300000,700,24000,,220000,11468,390193,721073,,0,38780,,,3000,63000,,500,10000,51800,,1019200,380000,230000,,1091770,,36163,37557,112650,1200,,1638000,86860,33290,26000,2180,,3500,950,305,,,153,118100,68241,0,432200,,44165,,0,585531,97200,1200000,10500,12,7511,7802,9960,120,330000,0,2799,1240,948420,460000,12193,380,36000
1970,,300000,15,223440,131069,,5600,130,593400,1000,,1800,11000,,211700,5126160,115,,,1197000,133900,190000,8324,56000,166000,780100,25000,15000,2200,1146307,178852,,42685,2540,,278600,,44000,243980,17760,2911342,82000,,13500,,595,,5500,,,1700,535,6000,,16300,1422,24000,126000,486700,85000,0,5761,160000,1348266,,2896800,1780000,0,,61200,900,195000,2000,8200,400000,2750,0,6200,,36037,60000,100,,,262000,43000,364000,750,28000,,160000,7953,400654,965252,,0,33970,,,3700,36000,,500,10000,88600,,988800,390000,241587,,1310815,,33948,33750,112500,2400,,1651100,51857,30700,25000,1848,,4000,1000,305,,,154,140300,57618,0,420700,,39749,,100,461829,136500,1200000,11000,13,5600,7847,12600,100,332000,0,2536,1300,968490,465000,13209,1796,37000
1971,,300000,18,224800,132585,,5800,130,595751,825,,1500,11000,,228200,5250590,128,,,1223400,86090,200000,5409,59000,126000,803500,25500,17000,3800,1250000,188372,,56629,2438,,293100,,39000,248996,18120,2742948,95000,,13700,,1665,,5000,,,1600,550,7000,,15600,1548,19000,148000,450000,80000,0,6262,165000,1512000,,3374100,1688000,0,,56300,800,187000,2000,4258,400000,2800,0,6400,,38326,61000,10,,,256235,45000,399000,750,28000,,180000,12005,392756,1121124,,0,65500,,,3700,30000,,500,10500,88295,,1012700,382500,251821,,1479837,,35093,32500,114000,2400,,1679260,58000,32707,26000,1981,,4800,950,155,,,156,150800,81355,0,424900,,49225,,100,470595,90000,1200000,11300,13,4100,7000,20000,130,280000,0,2132,1400,988875,470000,18797,2410,38000
1972,,250000,20,312700,127834,,5900,130,585987,800,,1500,11000,,230000,5851890,200,,,1096100,86000,200000,5187,62000,114000,827600,26000,21500,1300,1250000,212288,,75277,2438,,296100,,38000,273331,18510,2581639,108000,,11000,,1600,,4600,,,1600,570,7000,,15600,1575,18000,174000,440000,70000,0,6715,170000,1618500,,3190000,1766000,0,,41500,800,189000,2000,6746,400000,2900,0,6500,,38722,60000,15,,,245930,48000,410000,800,28000,,230000,9990,400058,1093511,,0,66000,,,3800,64350,,500,10500,102720,,988397,390000,239224,,1400115,,28073,27500,114600,2400,,1680558,62000,29050,22000,1976,,4362,1000,200,,,158,188500,74908,0,377100,,42000,,100,366000,78000,1200000,11600,13,3600,5500,20000,90,300000,0,2313,1500,996975,475000,10872,2166,40000
1973,,300000,8,352160,104600,,6100,130,588181,780,,1600,11500,,239700,3677240,250,,,1250300,92000,240000,4690,65000,161000,900000,27000,25000,2100,1289401,177190,,76864,2946,,301700,,28000,287813,18900,2495927,101000,,12000,,2142,,4500,,,600,600,7000,,11400,1331,15000,161213,429000,92925,0,8271,180000,1503800,,3167100,2165000,0,,38100,100,169000,2000,2292,400000,3000,0,6600,,39918,60000,0,,,300010,50000,390000,800,30000,,192000,10214,375159,1063538,,0,67000,,,3700,130300,,500,12000,105228,,963698,365000,261500,,1157499,,28693,26400,108750,2400,,1767326,49000,28964,22000,653,,2360,1000,1180,,,159,168300,99260,0,452200,,38811,,100,422546,74000,1250000,12000,13,3400,4807,19890,80,310000,0,2993,1800,902205,478000,18289,2278,41000
1974,,320000,32,399400,105797,,6250,150,575120,750,,1800,11500,,253340,3668710,250,,,1242100,90000,260000,3500,68000,164000,954000,27500,20126,1800,1151278,207824,,85377,2235,,310500,,36000,302205,18500,2676411,110000,,10000,,945,,4300,,,600,630,7700,,8100,1328,13000,166880,439900,93870,0,4536,190000,1276600,,3274100,2040300,0,,33700,100,132000,2000,4372,400000,3100,0,6700,,47803,65000,0,,,466220,53000,430000,800,30000,,230000,8727,455460,1097954,,0,68000,,,3600,147900,,500,13000,116739,,976709,445000,264180,,1528330,,28593,26400,110250,2400,,1648458,68000,23510,22000,1000,,2683,1050,1230,,,160,157500,101653,0,398700,,39605,,100,333628,86800,1300000,12500,13,3500,4990,20700,150,320000,0,2994,2400,937185,500000,18492,1510,42000
1975,,250000,12,373900,99887,,6400,150,578318,730,,2000,11500,,251640,3782310,300,,,1262800,80000,300000,3000,70000,165000,1050000,26775,22144,1331,1220690,192275,,101393,2642,,312400,,36694,305700,20000,2544327,112000,,9000,,955,,4500,,,600,650,8000,,6800,1509,18000,157523,374000,94815,0,4536,185000,783426,,3409000,1897000,0,,52200,100,127000,2000,6343,233800,3200,1,6000,,43000,67000,0,,,444030,57000,420000,900,30000,,210000,3702,421164,1194802,,0,60000,,,3500,153200,,500,14000,126279,,989406,410000,198050,,2065333,,28294,22557,111600,1209,,1734070,44200,19477,22000,2181,,4600,1080,1143,,,164,106000,97998,0,361000,,43095,,40,196585,91000,1300000,12500,13,3700,4797,21000,100,330000,0,2812,3000,859935,480000,18694,1023,44000
1976,,300000,23,277500,103233,,6600,150,588625,730,,10000,12000,,202380,4530240,300,,,1262800,88000,350000,4500,72000,32000,1060000,27548,24360,605,1187147,147190,,121269,3251,,317600,,40362,317750,20500,2570925,111786,,10000,,1000,,4500,,,300,680,8000,,9000,2134,21000,151249,451000,95850,0,4082,190000,1073962,,3758200,1219464,0,,57400,100,140000,2000,4457,228000,3300,1,6900,,36000,69000,0,,,359605,60000,455000,900,34000,,260000,7540,461870,1199427,,0,65000,,,3600,152800,,500,15500,116614,,999399,450000,227800,,2193181,,27768,23202,112500,1210,,1820163,60838,31420,23000,2250,,5000,1150,1670,,,170,96600,87474,0,337100,,42532,,70,213446,143000,1400000,13000,13,2900,4800,20100,70,340000,0,2263,3600,859005,550000,18999,960,45000
1977,,280000,11,220000,115062,,6700,556,589714,740,,14500,12000,,183700,4447660,400,,,1320000,92000,400000,6800,74000,42000,1050000,29868,24628,216,1124691,163669,,134462,3861,,318600,,36358,314100,17500,2450690,126927,,10500,,1000,,4800,,,300,700,8000,,4000,3126,19000,141907,450000,96750,0,4990,195000,1235054,,4245900,1725830,0,,61700,100,160000,1500,12320,240000,3400,1,6000,,32000,71000,0,,,266730,64000,450000,900,36000,,290000,7586,437876,1276006,,0,68000,,,3700,153500,,500,16500,123364,,1027713,425000,252043,,2582429,,25140,25514,113286,3120,,1896258,55197,28680,20000,2300,,5000,1200,1398,,,176,71700,89564,0,393400,,31115,,100,252353,149000,1500000,13500,13,3611,4900,22000,100,350000,0,2631,4200,874589,600000,20000,571,47000
1978,,300000,232,128700,97808,,7439,600,596393,750,,15000,12000,,151780,4326660,500,,,1122000,78000,450000,9000,76000,85000,1050000,31415,25000,360,1182962,196773,,149677,3505,,307800,,48386,315598,15500,2152192,113394,,10500,,1000,,4800,,,300,700,8000,,4000,3498,20841,170256,465000,97718,0,6200,195000,1266518,,4560900,1378000,0,,53700,100,160000,1500,6399,240000,3500,2,5200,,25000,73000,0,,,240070,67000,440000,1000,36000,,305000,7154,453580,1393080,,0,65000,,,3800,157000,,500,18000,130538,,1056489,440000,254380,,3340673,,23783,25766,113286,4240,,1931712,66907,32630,20000,2350,,5000,1300,1400,,,180,69700,102780,0,401200,,40822,,28,182079,147000,1450000,13700,13,2100,5000,23000,110,360000,808,2590,4800,900119,670000,20500,419,49000
1979,,300000,152,144000,113132,,7440,600,616393,750,,21000,12000,,154520,4252290,500,,,1184800,55000,500000,7500,77000,74450,1040000,32000,27000,417,1154325,168365,,146760,4369,,339200,,24398,274600,16200,2031559,112552,,10500,,1000,,5000,,,300,700,8000,,7000,4115,21276,115476,380000,98694,0,4900,210230,1449127,,4273500,1622229,0,,60900,100,170000,1000,8000,800000,3600,1,6500,,18000,72000,0,,,250080,70000,450000,1000,36000,,184304,6663,446686,1277403,,2000,65000,,,3600,150000,,500,19000,125300,,1063460,432500,215000,,3927457,,24751,22929,112984,1500,,2022992,63372,28590,20000,2450,,5500,1200,1200,,,186,72200,108347,0,409000,,31214,,22,226769,146000,1500000,13800,14,3000,5000,23500,120,360000,833,2540,5400,872850,771600,24070,391,52000
1980,,280000,476,146200,125123,,7480,600,652101,760,,19800,12500,,157860,4659680,575,,,1100000,65000,550000,7000,77000,61300,1030000,32000,29510,2400,1107518,170204,,144484,4064,,348400,,15120,300500,16600,2269479,133295,,10500,,1000,,5000,,,300,700,8000,,2500,1964,16308,83275,449000,99600,0,4900,210000,1401000,,4354000,1976826,10,,75000,100,140000,1000,6214,800000,3700,0,8000,,22000,74000,0,,,270175,72000,445000,1000,36000,,93842,2625,472990,1437765,,2400,65000,,,3800,150000,,510,20000,130815,,1034569,458000,180000,,4093401,,25967,33508,101957,1500,,2063100,46211,29096,20000,2600,,5500,1300,1000,,,190,60400,111548,0,475200,,39226,,10,214323,148000,1550000,14000,14,2213,5100,30000,130,369000,356,2090,6000,889620,894700,25200,500,54000
1981,,275000,514,77000,124341,,7500,600,683855,760,,14000,12500,,163700,4652300,630,,,1239000,70000,600000,6000,78000,126000,1109600,32000,31000,3000,1141290,151144,,173866,5080,,358800,,35252,320000,13300,2009850,136525,,11000,,1000,,5200,,,50,700,8000,,3700,2665,14677,125221,500000,100600,0,4990,230000,1355160,,4580000,2058311,10,,65800,100,150000,951,7329,800000,3750,0,9000,,14500,75000,0,,,300345,74000,460000,1100,36000,,186922,5430,480200,1325827,,2800,70000,,,2000,116079,,520,22000,131485,,1045215,466000,160000,,3996064,,29659,32260,109057,3740,,2321070,58229,33220,22000,2800,,6000,1350,905,,,200,59000,113714,0,487400,,44703,,10,185309,150000,1600000,15000,14,3285,5200,30000,140,370000,285,2720,6800,914970,900000,23000,500,56000
1982,,275000,634,88700,129582,,7600,600,698786,770,,14200,13000,,152050,4726800,735,,,1220000,75000,650000,3000,78000,201000,1146600,33000,30746,2400,1153305,132968,,191877,6604,,368800,,35423,320000,10000,1998749,165000,,11000,,1000,,5200,,,50,700,8000,,4700,3158,13971,166500,592000,101600,0,4990,230000,1424942,,4221300,2036000,65,,73200,100,160000,1140,6700,800000,3800,0,10000,,15000,77000,0,,,304870,76000,470000,1150,36000,,190897,6415,488986,1666730,,3200,70000,,,1570,121882,,530,31264,134430,,1034450,474500,150000,,4067926,,26659,33500,103921,4540,,2378080,58772,31750,22000,3000,,6000,1290,820,,,216,78700,135784,0,455200,,42399,,11,202942,150000,1550000,15000,15,864,5300,30000,150,400000,39,2630,7500,917160,950000,25000,500,58000
1983,,280000,47,126100,140481,,7700,600,674708,770,,14500,13000,,153620,4552540,786,,,1160000,82000,670000,3000,80000,206650,1173000,34000,31217,1000,1155355,123716,,199626,6000,,379600,,38013,320000,10000,1642073,169000,,12000,,1000,,5500,,,50,500,8000,,3000,3191,13817,141500,433000,102600,0,5000,230000,1186386,,4647700,1781469,59,,66500,100,160000,788,6900,800000,3850,0,11000,,15000,78000,0,,,306665,78000,473000,1200,37000,,178370,7075,465620,1618663,,3600,70000,,,1600,86515,,540,34982,134781,,1045104,450000,130000,,3685381,,27834,41430,98936,4690,,2362500,68980,34921,22000,3640,,6000,1300,720,,,220,88900,116207,0,455000,,36598,,10,196255,152000,1530000,15500,14,3630,5400,24000,150,410000,46,2040,8300,933690,900000,28000,500,60000
1984,,275000,80,161000,146423,,7800,600,689767,780,,14300,13000,,160000,4896480,750,,,1197000,84000,700763,3000,82000,300000,1450000,36650,33237,1900,1168623,148246,,220536,9000,,390000,,41177,330000,6000,1677571,184000,,14000,,1000,,5500,,,50,540,8000,,4000,4097,13835,162900,429000,103600,0,11200,235000,992636,,5247700,1991698,63,,67700,100,155000,620,14288,800000,3900,0,13000,,13000,79000,0,,,224000,79000,475000,1193,39000,,190000,4750,476486,2093259,,4000,70000,,,1756,133211,,550,34970,136700,,1055869,460000,121903,,3850808,,28459,45766,96368,5079,,2056000,85094,33620,22200,5157,,6000,1380,650,,,230,62200,140823,0,439175,,41063,,10,203281,154000,1545000,15000,14,3100,5400,35000,155,400000,84,4040,9000,964875,1000000,32000,500,62000
1985,,270000,70,163400,144774,,7800,600,691405,780,,15000,13000,,210000,5007630,800,,,1384000,92000,758727,5000,83000,631017,1200000,37600,32762,2500,1007889,163014,,201125,9000,,399100,,42656,313700,4000,1969559,203000,,14500,,1000,,5500,,,50,695,8000,,4000,5975,12500,127025,484000,104700,250,16200,235000,1091409,,5389800,1908627,161,,81000,80,150000,995,10400,800000,3950,0,12000,,18550,80000,0,,,224950,80000,477000,1193,39000,,181280,7150,486564,1995956,,7000,70000,,,1424,116913,,550,30000,139900,,1066744,470000,127999,,3704928,,29194,46064,90024,4520,,2419000,106095,41922,22300,5296,,6000,1420,550,,,240,60000,150825,1391,402378,,43139,,10,198596,155000,1580000,16000,14,2970,5400,36000,165,430000,60,3700,9400,988996,1080000,35000,550,64000
1986,,275000,70,190000,132751,,7800,620,759110,780,,20500,13000,,290000,5243850,700,,,1436000,100000,740030,3700,85000,1251094,1350000,38550,31557,1000,1096229,136680,,146915,10000,,400600,,62741,421900,4000,2316437,237000,,15000,,1000,,5700,,,150,694,8500,,4000,7873,12500,144135,474000,106000,600,17400,250000,1032010,,5714000,2412000,270,,82100,30,145000,506,13414,800000,4000,0,12000,,20000,80000,0,,,225200,82000,480000,1193,40000,,210220,7830,467376,1832563,,10000,75000,,,1446,114969,,560,27000,202000,,906733,450000,121598,,3831728,,29644,48343,90176,4520,,2265700,141080,39936,22600,7030,,6000,1450,470,,,230,93900,177124,3316,470600,,43744,,10,150730,155500,1596200,16000,15,4600,5500,35000,175,440000,95,4400,10000,1007302,1224100,37363,600,66000
1987,,280000,70,243000,157720,,7000,650,683970,780,,30000,13000,,350000,5347720,750,,,1471600,106000,611260,4500,87000,2029000,1175950,47500,33147,800,1142607,134297,,166299,11000,,402100,,67725,373082,5000,2386503,278000,,15500,,1000,,5700,,,150,493,8500,,4000,10173,12800,146699,438000,107000,1200,9500,250000,1166284,,5917900,2192332,363,,103600,30,140000,485,12784,800000,4050,0,12000,,31281,75000,0,,,225900,84000,485000,861,40000,,205243,7920,516853,2121838,,17300,80000,,,1318,107934,,565,23000,205748,,1251291,500000,114625,,3780135,,28858,49918,90206,4520,,2289800,113950,37472,23000,8540,,6000,1500,380,,,235,108000,177859,9254,449200,,43204,,10,204486,159000,1604200,16000,15,3800,5600,35000,185,460000,149,5170,9600,1038427,1150000,42187,600,68000
1988,,280000,84,323600,160137,,6700,655,608921,780,,35000,13000,,308663,5357250,750,,,1508600,110000,611914,5400,89000,1829672,1225000,48700,32510,750,1162058,132890,,202628,9500,,403000,,76872,390937,3800,2576096,355000,,15500,,1000,,5800,,,150,460,8500,,4000,11651,14000,150464,398000,119000,1800,14200,200000,1179900,,5989900,2308378,1554,,84824,30,135000,640,33288,780000,3800,0,13000,,29495,70000,0,,,226000,86000,490000,746,42000,,219253,7920,567250,2077534,,25300,82000,,,1000,95064,,570,22100,205148,,1237527,550000,75083,,3645135,,27285,49950,88967,4520,,2400200,168060,64887,23300,5150,,6000,1500,195,,,250,115200,194937,20000,395000,,52894,,10,228725,162500,1606000,16000,15,2000,5600,35000,190,480000,164,6000,10200,1099694,1215000,45681,620,70000
1989,,275000,100,209937,195762,,6400,700,637087,780,,27436,13000,,316609,5721700,730,,,1524100,112000,636535,5700,91000,1403736,1241920,49500,31860,750,1512000,146090,,182549,8500,,403900,,58259,384311,4000,2576220,388000,,15500,,1000,,5900,,,915,530,8500,,4000,9883,12800,109016,497000,110218,2400,15800,225000,1091948,,6409200,2192054,2869,,82600,430,130000,751,13370,820000,3600,0,13000,,36768,75000,0,,,217340,88000,500000,976,42000,,238126,4640,592860,1823648,,37300,84000,,,900,102882,,580,22900,209796,,1253615,575000,78236,,3190324,,16670,45476,84587,4000,,3019600,145000,66752,13000,6780,,3500,1500,88,,,260,104500,207802,26153,396500,,45943,,10,198442,148700,1610000,16000,15,1600,5700,28000,195,490000,89,5440,10800,1133784,1227170,48245,650,75000
1990,,270000,120,200558,180290,,5500,710,623670,750,,25487,13675,,138000,5725830,773.14,,,1547000,115000,719100,6000,92000,1455927,1243614,48392,34000,500,1740000,146071,,195000,8300,,404790,,66706,395096,5600,3054566,415495,,15100,,1088,,6000,,,915,440,9000,,3086,7213,12000,101568,454215,121231,3000,12700,235000,1045718,,7153000,2410999,2951,,57500,440,127660,691,18903,840000,4000,0,14000,,46000,70000,0,,,225000,89000,505000,1350,44182,,245980,6135,618470,1986394,,50900,85000,46350,,800,109860,,70,23500,201777,,1177455,600000,81365,,3539616,,16674,45568,66914,3315,,2776770,160000,82725,14000,7085,,6000,1600,80,,,270,110000,226141,27345,416300,,47943,,12,201440,164500,1613000,16831,14,1500,5871,36000,150,560000,97,5126,11400,1166663,1221400,50104,664,78000
1991,,280000,130,194200,165057,,5000,,626265,700,,20996,12287.61,,138906,5762141,720,,,1586100,120000,800000,6000,93000,1981200,1521332,51488,36000,250,1720000,173589,,213997,10000,,405680,,66679,217665.05,5000,2816137,392887,,15400,,800,,6100,,,915,643,9181.81,,6833.52,6449,11200,132557,504979,113362,4000,12800,220000,972532,,7853100,2471925,4685,,80900,500,134000,643,26333,900000,4250,0,14500,,54418,71000,0,,,220000,90000,509000,2000,43000,,220624,6490,628777,1889296,,61600,80000,51200,,427,132663,,71.24,24000,52026,,850368,610000,84620,,3662305,,12587.25,39900,67987,5203,,3092900,128000,64779,10000,10000,,5005,1600,30,,,250,70000,238893,,373300,,49971,,15,196663,150000,1620000,15630.28,15.01,1398,5800,35000,210,,116,5171,12000,1214847,1286300,51944,700,80000
1992,,290000,140,182680,176906,,4500,,636110,500,,28030,12439.16,,142971,5848523,748.23,,,1625600,122000,850000,6000,89373.4,2451000,1740059,52288,38000,200,1920000,174812,,312142,6000,,402800,,61449,413887,4600,3994641,396497,,15700,,500,,6200,,,1080,513,9395.12,,6817.29,6738,10000,148296,484095,124699,4800,13300,230000,1022681,,8523000,2650841,5387,,70480,398,130000,664,11451,986000,4300,0,15000,,60520,73000,0,,,225000,85000,510000,2500,41368.28,,230987,8530,650646.25,2095355,,73000,70000,50200,,223,134537,,73.14,25000,63250,,881616,632000,89260,,3723887,,11416.18,38000,62338,5304,,3547200,158000,83900,9000,12000,,5107,1550,0,,,260,62655.51,181648,,368100,,49886,,18,195970,158800,1630000,15873.8,15.04,1395,5900,20000,220,,129,5440,11963.22,1239480,1365504,58216,600,70000
1993,,285000,137.07,181220,213908,,3800,,631550,500,,40935,12590.71,,145196,5802992,736.29,,,1585700,125000,900000,6600,88078.61,2700700,1920244,52200,40000,150,1833954,241638,,189000,5000,,407480,,64149,460203,1602,4422010,405237,,16000,,548.74,53510.96,5483.2,,,3760,601,9605.19,,2543.55,7376,9000,133554,489900,137168,4500,13600,234647.75,1012868,,9945000,2643812,5427,,43010,398,125000,660,30306,817508,4369.53,,15500,,80000,75000,,,,230000,90000,540000,3500,45000,,213957,9880,685250.5,2206892,,93300,80000,52000,,381,54545,,74.18,26000,79474,,834358,667000,89874,,3809372,,11226.18,37000,48400,1548,,2136000,160000,67652,9000,13000,,6623,1600,,,,250,55000,133571,,348600,,47493,,20,212748,159400,1650000,16100,15,1206,6000,18000,180,,127,5350,12136.33,1116143,1397739,78353,700,82000
1994,,290000,136.1,142190,219222,,2857,,639850,500,,47934,12485.43,,100700,5955238,700,,,1486930,129000,950000,5200,86791.56,2897800,1987604,56500,42000,250,1873862,230448,,185000,7500,,408380,,49000,448022,6763,5085915,459012,,16400,,556.68,51597.58,5429.62,,,3920,696,9789.23,,4500,6200,8700,115646,638000,150884,4200,16100,233000,839136,,10686000,3086557,10382,,90000,400,120000,700,24718,700000,4500,,16500,,98056,80000,,,,210000,88000,530000,6084,50000,,172953,6725,707245.6,2295450,,100000,78000,55000,,556,60458,,75.07,26300,81729,18383,899263,688500,75767,,3916386,,11436.21,38000,54377,7500,,1489000,115000,37023,9000,13650,,7215,1696,,,,260,42500,131431,,338014,,47500,,29,184287,146680,1700000,16300.18,15.14,1200,6172.8,30000,200,,138,6260,12500,1193160,1375081,73716,654.57,85000
1995,,300000,137.29,171084,208102,,3140,,634000,500,,44507,12965.73,,150928,5801110,500,,,1421407,132000,980000,6000,85513.31,3125000,1631576,55969,44397,320,2033494,231612,,202300,10500,,320799,,40500,361047,4612,5403304,498679,,16700,,594.95,64096.52,6200,,,4495,704,10000,,8000,5790,8300,89248,780000,150000,4000,16700,235000,866814,,10182000,3805430,6925,,101930,400,130000,585.27,29302,445734,4539.54,,19073.06,,98500,85000,,,,230000,91000,537549.9,2930,54407.75,,210000,9437,729795,2032652,2000,90000,83000,56600,,946,64594,,75.83,26500,83225,18383,864192,710000,69770,,4236253,,14329.75,30000,48335,1755,,2002000,140000,59000,12000,12685,,8500,1850,,,,260,42000,134982,,376700,,49700,,30,172633,130180,1750000,16513.82,15.15,1000,6170.35,31000,214.77,,142,5900,12389.02,944773,1282231,77370,600,80000
1996,,305000,150,117350,220047,,2857,,633645,500,,57846,13000,,147689,5160178,506.39,,,1544498,140000,985990,6000,84244.91,2536000,1491109,57000,48837,250,1904700,252233,,218000,10000,,316959,,47397,393647,4258,5422835,570457,,17100,,642.76,70251.44,6300,,,4495,628,10236,,12800,4564.35,6100,87105,916000,149400.44,3845.07,14300,239200,1022120,,10299000,3023843,12234,,98110,500,135000,500,29094,500626,4700,,22000,,100960,87324.49,,,,250000,93000,535637.5,2725,59318.47,,290644,9387,757540.9,2209550,2026.78,88400,85000,36500,,407,96797,,76.47,27000,93648,19762,838266,738000,66752,,4229142,,16332.27,33138.5,48033,10000,,2105000,130000,52757,14000,13500,,8640,1870,,,,353.04,44655.66,164976,,335600,,44058,,130,140997,128180,1736911.4,16727.23,15.17,1142.63,6157.11,32600,220,,141,5900,12480.85,1026134,1318700,78675,700,83000
1997,,300000,155.32,160800,199581,,757,,628425,550,,52690,12909.87,,146204,5412360,522.18,,,1542640,145000,800000,6116.54,82987.44,2892000,1607960,52917,49725,250,1832140,227181,,164600,9500,,317659,,41700,389334,3215,5750261,635000,,17400,,696.99,76933.63,6300,,,3870,730,10500,,15400,4256.19,3400,141135,810000,149608.17,3731.84,11000,250000,945650,,13340000,3057081,12219,,114310,400,130000,457,18151,1057586,4657.39,,26000,,83299,90000,,,,260000,91000,540095.2,6150,60000,,321454,9557,774547.94,1714457,2028.57,93200,86000,40000,,483,73397,,77.01,28000,94652,23132,757578,755000,68898,,4407665,,18407.45,35000,38215,10000,,2248419,100000,35494,16000,25000,,7498,1800,,,,270,43152.12,183343,,406388,,45156,,850,204736,604100,1700000,16940.31,15.18,1105.94,6149.42,28000,229.31,,138,6210,12494.95,1122693,1316100,79480,600,82000
1998,,310000,160,172850,222957,,895,,624735,650,,50906,12916.53,,150613,5322200,520,,,1399143,146000,729514,6181.85,81741.95,3518000,1518474,57340,51217,230,2101120,283114,,188000,13000,,318361,,39641.63,319760,2419,5463442,655570,,17800,,737.1,81000,2416,,,4495,507,11000,,15200,3967,3300,108093,1035000,150000,3677.07,11200,287669,861916,,15100000,3176749,9769,,108590,379.24,120000,457,24477,1128296,4675.29,,29000,,65200,92697.91,,,,260000,93000,535000,6260,68417.84,,282378,9343,784836,1525836,2030.36,102000,87000,42500,,1130,87867,,77.47,25000,125150,20653,576220,768500,71454,,4106698,,21037.97,30000,49270,7000,,2625485,80000,43264,19000,26170.01,,6500,1900,,,,290,40000,330009,,385200,,37582,,1100,215639,835800,1720000,17153.17,15,968.49,6131.63,32000,240,,154,9525,12500,812921,1315190,85110,500,80000
1999,,290000,170,175000,225167,,3471,,562000,500,,56189,12937.95,,158052,5478350,410,,,1511370,147000,622924,6250.88,80509.52,4194000,1725951,58227,79526,222.95,2113214,316300,,185667,13500,,315000,,37324.89,432022,810,6392022,728999,,20000,,558.86,95733.43,2500,,,4495,469,11500,,15000,3927.39,4000,115464,913000,150527.56,3832.67,9100,290000,452579,,16810000,3375851,29603,,117810,363.59,112000,457,36358,1097672,4700,,35000,,65300,95000,,,,265000,300000,545000,4460,73550.91,,305157,7550,806697,1738007,2032.12,110700,88000,45600,,917,75073,,77.87,30100,139431,26365,775961,790000,69988,,4570640,,21905.74,29919,31716,6800,,2897433,85000,42662,20000,25500,,5500,1950,,,,280,45000,378728,,364915,,54710,,1525,212531,749920,1900000,17371.88,15.28,877.97,6125.29,34000,242.67,,136,11158,13000,788332,1288400,88787,600,82000
2000,1378,300000,160,175000,256867,,3250,,572000,520,,65783,12980.95,,161926,5663360,542,,,1513997,146000,626330,6094.1,79291.19,4941500,1593628,59115,81117,219.77,1887141,305300,,265587,8500,,312000,,37800,422322,1000,5453220,760505,,20574.34,,594.56,100000,3000,,,4473,500,12000,,10000,3771,4050,125700,955000,151209.62,3888.96,18644,322500,469000,,14137300,3746962,38205.8,,87502,387.46,102000,500,20832,1027768,4500,,37000,,65600,110000,,,,290000,310000,540000,6260,70000,,316194,8500,827310,1863252,2033.88,119200,90000,44800,,1020,48359,,78.21,32150,149687,9430,660398,810000,56984,,4929570,,21773.29,30518,56182,6500,,2212250,68000,46000,20000,26000,,6000,1970,,,,290,42000,377967,,396973,,48700,,1525,198455,700900,2029697,17605.28,15.31,710,6150,64000,250,,144,13154,13000,763635,1124800,90099,700,85000
2001,1598,350000,180,174845.38,358388,,3315,,606000,550,,47318,13041.53,,163388,6177293,704,,,1549164,146000,631766,6137.84,78088.04,5272400,1469642,60003,82739,238.85,1741803,310544,,318062,9800,,312690,,25048,442004,1000,6077040,849293,,21563.88,,631.18,122372,3978.02,,,4494,550.89,12350.91,,12000,3229,4100,110000,1602306,151885.03,3916.95,17125,290000,515844,,14209900,4300422,40565,,100400,386.35,108000,300,24319,1084312,4600,,46000,,66700,108057.91,,,,295000,300000,530000,2640,80000,,276301,11000,850236,2027997,2035.61,142000,94000,48700,,958,63937,,78.51,33680,142900,5923,532608,832000,64265,,5059360,,21843.55,28304,47565,10200,,1784058,50000,47000,20000,27000,,19554,1970,,,,300,36000,371361,,421931,,43139,,930,204724,752070,2021131,17801.07,15.3,700,6200,75000,260,,133,12701,13000,735079,1125500,95860,800,87000
2002,1548,480000,200,180000,313314,,3200,,654000,570,,42974,13086.67,,170110,6689179,714,,,1602979,146000,692886,5898.01,76901.12,5557000,1561058,60891,84393,200,1622598,319726,,206900,10500,,313380,,24645,502877,1000,5611438,877588,,22474.34,,669.08,170000,3980.01,,,4500,700,12618.06,,14000,3876,4100,100000,1762537.5,152559.1,4096.32,20061,308000,659324,,13304400,4384384,48005.9,,96400,396.73,109000,400,47403,1073001,4800,,84000,,67700,108456.17,,,,300000,330000,500000,3000,89762.61,,306760,7200,878485,1996775,2037.31,162300,108000,47400,,675,56366,,78.77,32915,154073,5442,521692,860000,48650,,5274826,,23507.32,29227,49918,1703,,2784870,65000,48000,21500,26607.55,,19504,2000,,,,330,36900,362290,,408733,,8071,,732,226521,2204620,2060508,18000,15.35,753.11,6500,95000,260.09,,131,9070,13500,590847,1097000,97113,850,87988.8
2003,649.87,650000,210,175718.8,264772,,3400,,649730,600,,73356,13200,685,172950,6800981,792,,,1759917,140000,743466,6037.18,75731.51,5903300,1647699,61000,80000,150,1901276,311264,,315400,10200,,313880,,18278,514951,1000,6453806,870886,,23315.1,,712.17,175150,3200,,,4330,814,12438.77,,16000,3871.08,3100,121239,1719165,153146.38,4300,16817,310000,735174,,13856600,4177155,56548.4,,94000,399.35,115000,301,21377,1019377,4905.82,,130000,,71800,110743.44,,,,300000,350000,530000,3300,90000,,290000,12090,888064,2065949,2038.99,172500,102000,52000,,264,58983,,79,28750,142900,7750,508980,870000,62294,,5368977,,23534.61,28975,51916,9247,,2407837,50000,50000,21440.96,25800,,31289,1770,,,,300,36900,334080,,402090,,1278,,739.64,223061,1899800,1965513,18196.14,15.38,765.28,6700,110000,270,,171,10251,14300,559760,1281800,99010,806.36,90000
2004,374,800000,220,175418.14,257237,,3500,,706585,635,,78856,13500,1435,176965,6583564,771,,,1586536,134000,797739,6179.83,74580.25,6056100,1702565,62000,79000,50,1814123,319779,,454200,7180,,313470,,22018,468322,1000,6132276,875123,,23561.08,,1000,181829,3500,,,4125,859,12520.82,,18000,3956,3000,89480,1894918.4,153980.27,4570.3,7924,300000,811232,,16744500,4874439,62238,,129200,417.11,125000,237,37050,1036138,5000,,146000,,85600,110844.82,,,,305000,360000,510000,9081,127424,,289157,12000,899154,2361144,2040.65,189000,104000,50888,,844,52284,,79.22,34000,174700,9148,497076,880000,44031,,5631250,,23623.79,27241,56490,8750,,2469740,45726,45000,21574.73,25250,,22932,2230,,,,310,36900,279767,,418121,,35298,,758.84,189900,2489010,1402380,18394.48,15.41,778.08,6800,130000,267.35,,185,7530,14500,463047,1329400,85555,900,99513.57
2005,278,960000,217.96,177057.56,265570,,3500,,898710,660,,73247,13725.2,2376,180896,6703400,720,,,1624818,129000,929950,6300,73448.42,6518100,1798709,65000,74700,40,1629373,304045,,289013,7089,,313970,,20127,543786.6,1000,6118424,922600,,24187.63,,2000,211450,3800,,,3842,972,12011.91,,26320,3910,386,66890,2057603.9,154874.05,4817.56,26642,300000,887072,,18887800,5177607,74678,,117791,411.13,104318.47,185,32176,1255995,5300,,148000,,81200,113181.51,,,,310000,370000,450000,6154,92269,,260361,11580,920256,2250041,2042.27,190000,142000,51590,,1141,49915,,79.43,26720,148321,9800,439228.3,900000,48425,,6298225,,23886.44,20476,52201,11250,,2593080,32752,50000,21716.76,28800,,26317,1925,,,,315,38000,351612,,345156,,57830,,710,148715,2007480,1623470,18500,16.19,791.8,7000,150000,270.27,,200,9480,15000,529714,1344200,89905,766.36,95000
2006,11,1100000,223.17,181000,187384,,3750,,909060,680,,69648,13886.94,3413,181732,6956179,794,,,1607452,130000,969967,6600,72337.08,6901200,1863746,70000,75000,60.4,1980146,358272,,339517,7000,,314470,,22720,500828,1000,6127060,855090,,24775.58,,3000,227942,4500,,,3582,558,12463.52,,56000,3601,3871,52250,1945049.5,155000,5000,6600,280000,612511,,20997800,5037472,61987,,122028,450,86231.48,200,42113,1237770,5500,,150000,,87400,115500,,,,315000,380000,380000,10313,117500,,245798,10771,940851,2196155,2043.86,203000,175000,52634,,1701,42649,,79.63,25955,163477,8000,538852,920000,45220,,6794564,,23786.86,21298,60762.39,10000,,2653348,36909,50000,22000,31648,,30000,1970,,,,300,35870.8,342568,,348368,,64555,,630,214277,3507450,1676499,18997.22,15.86,800,5925.63,178205,272.96,,170,7710,14350,508982,1350000,112495,700,110669.28
2007,11,1397652,221.96,182000,213193,,5000,,1004520,720,,61994,14000,3974,182490,7098350,756,,,1700570,130000,1024004,7000,71247.29,7796700,1819874,69570.3,76900,60,2079106,362700,,385900,7100,,314920,,14493,518291,1000,6002302,945429,,25439.27,,6000,261059,2852,,,,567,13000,,57500,3584.95,3401,,2292460.2,160000,5200,5892,295000,690479,,23823000,5454226,114728.2,,130814,400,83636.66,205,34910,1186740,5800,,205025,,89700,120000,,,,325000,390000,260911,8910,136898,,,9026,959357,1964545,2100,201802,208500,53257,,1685,44391,,80,28892,150450,6160,545162,940000,50000,,7484073,,24842.77,22382,64896.45,,,2686000,32389,51000,23000,32000,,32000,2000,,,,320,30939.24,345749,,358177,,71084,,570,241729,3082606,1929284,19000,15.77,840,5452.89,189107,280,,170,11612,14500,512187,1355000,120370,692.65,123556.58
2008,92.13,1722507,225,180000,207061,,6500,,877123,760.96,,68050,14500,1648,183305,6998150,800,,,1759961,151000,1078041,7000,70180.14,7834700,1987603,69435.76,79500,57.87,1883356,249247,,280800,5650,,315470,,18740,446561.12,709.9,6701145,1062453,,25906.92,,5342.89,194333,8426,,,,192,13939.94,,63000,3616.69,3060,,2297704,162000,5800,4605,289969.2,690503,,26217000,6004615,113366,,85186,350,36200,165.2,41540,1686930,5922.25,,152190,,89700,120000,,,,320761.3,394000,272331,8210,114462,,,10463,995037.7,2150801,2042.29,214712,245000,76792,,1256,36285,,79.88,29000,157962,5120,456522,970000,58321,,8687624,,25198.99,23698,70252.22,,,2604000,43798,52000,23745.24,32814.24,,42000,1900,,,,325,30453.1,393141,,371228,,88724,,460,207702,2447098,1540476,19500,16,831.7,4500,201115,276.29,,170,7890,15030.66,383836,1400000,128796,650,134712.62
2009,167.41,1985263,228.27,170000,270393,,6500,,836183,803.51,,68070,15359.39,2183,154227,6783490,838.61,,,1845824,153000,1223233,7000,69136.68,8833900,1993758.9,70790.46,81400,49.96,1158618,254977,,245400,6700,,315971,,19156,589589,710,7637324,1120517,,26407.68,,5700,208596,4458,,,,120,15000,,65000,3526.07,2547,,2678159,176415.19,6200,8407.26,290570.03,718597,,26469500,6373533,107556,,93510,355.48,52765,132.48,43834,1686930,6000,,173900,,96000,123000,,,,331478.22,400000,279762,4340,134114,,,10920,1001733,2232361,2039.15,220000,280000,88849,,1145,46595,,79.93,28890,157319,4956.9,320535,980000,58840,,9013186,,26872.19,19971,75025.17,,,2993482,39726,53000,25501.71,33500,,47000,1800,,,,330,29270.86,370805,,352522,,82267,,300,172550,3006400,1528082,20231.48,16.26,827.68,5800,204517,276.66,,180,8390,15800,403382,1510168.6,132418,690,146677.92
2010,226.74,2047955,224.62,171038.84,302173,,8226.23,,818254,845.79,,77792,16194.5,2208,159681.28,6969306,842.51,,,1912661,157752.61,1333851,7000,68118.01,9560500,2019625.4,73300,83115.27,41.65,2019826,314270,,249200,6010,,746280,,14264,892752.9,710,7931060,1028946,,27402.17,,5750,270572,4442,,,,236,16500,,70000,4172.39,2998.76,,2560574.2,191905.23,6582.21,5794.9,255000,856270,,29780000,5755073,102043.1,,101286,353.96,53649,101.54,43753,1583143,6742.35,,178600,,87180.07,124500,,,,339885.06,394055.97,332639,3244.85,172182,,,11936,1071844,2103361,2035.97,289171,320640,91042,,1089,35213.75,,79.98,56686,154825,3665.61,338280,1050000,79856,2007284,9101341,,26332.25,20944,81059.19,,,2000000,21702,55169.95,24853.82,36877.29,,40000,1780,,,,313,28088.62,399898,,396589,,94272,,189,287895,3155710,1584898,21000,21,823.09,3500,210178,276.7,,186.85,8074,16000,375118,1618231.5,133352,720,158169.97
2011,277.29,2646073,239.42,174901.47,202751,,9419,,800840,894.25,,75660,17088.34,2439,164656.78,7329471,852.12,,,1848727,142129.61,1394675,9100,67125.19,10400000,2042925.9,73000,83456.23,34.82,2125201,302500,,250000,6004,,767160,,17338,922030,467.83,7427776,1054243,,27417.39,,5800,291258,4810,,,,288.76,16800,,75000,4443.69,4490.51,,2880465.8,210000,7016.85,4353,265000,830322,,28455100,6132695,96814,,112698,358.9,46660,74.26,48304,1226171,7000,,230000,,79925.23,125000,,,,350000,391060.2,306283,1140,137763,,,10544,1120885.2,2138687,2032.78,277297,340674,121742,,767.55,39727.23,,80.04,61584,139100,4072.34,328368,1100000,60022,1968051,9165046,,25961.41,20917,84022.78,,,2150000,22554.24,59308.55,24449.15,40422.3,,30000,1831,,,,307.66,26906.38,384773,,346500,,85017,,183,305740,3143835,1378338.4,22000,14,818.12,3500,206501,276.52,,188,7893,15000,421136,1742424.4,129337,650,171016.33
2012,335,2991454,250,175203.3,285535,,9462,,745927,950,,105881,18500,1547,169615.38,6902184,850,,,1184075,139615.69,1471007,9560,66159.31,11558000,1878710,72900,82280.28,31.16,2352212,326500,,195496,6002,,788515,,14441,968552.94,497.11,7012244.5,1129777,,27788.64,,6000,302502,730,,,,285.62,17000,,80000,4408.25,5833.97,,2978324,215000,7500,3847,270000,879522,,26509000,6189052,91852,,126000,340,47473,53.03,38852,1207841,7000,,365100,,63544.36,127000,,,,356000,380000,289034,547,149539.1,,,10196,1197510,2203861,2000,222267,470000,168484,,1025,40874.02,,80,56790,96545,3915.04,307583,1180000,60022,2082089.2,9226768,,25546.02,22528,110317.58,,,2550000,14011.2,59688.02,24039.24,40542.2,,35000,2000,,,,255,25724.13,386680,,371211,750000,92391,,249,295265,2524740,1020458,23000,15,825,3600,207727,270,,188.7,7201.96,15500,424558,1791937,127468,680,179554.44
2013,335,3095013,255.29,175334.11,330340,,9661.25,,774826,955.78,,100890,18962.62,1479,164255.6,6892622,965.76,,51000,2235697,138488.83,1600231,10033,65221.48,12075200,2026811,72000,82607.96,28.12,2418064,346165.44,,150336,5746,,810121,,13378,1080061,516.28,5995527,1158224,16496,28563.24,,7212.39,340012,4634,,,,284.71,17241.83,,84240,4408.71,6635,,3307038,211979.69,7936.7,5168,251400,730789,,27575000,6279290,116037,,128422,352.41,37211,42.82,42008,1374516,7109.69,,420425,,59649.91,130821.46,,,,355000,386987.56,288677,154,165472,,,10181,1269019.1,2127772,2035.42,303329,570000,182000,,1044,37149.1,,80.28,19970,115552,3964.45,314188,1247210.5,62400,2114853,8646417,,25067.18,21204,86295.1,,,2850000,17763.87,57511.8,23580.86,41119.5,,35000,2006.02,,,,301.44,24541.89,419564,,361000,757500,85584,,147,291292,2678680,1031351,23923.43,15,801.05,3788.65,215472,277.15,,191.02,6622,15829.19,428438,1892523,126332,680,191254.45
2014,305.11,3483431.5,259.17,175890.64,254474,,9891.8,,770203,980,,105445,19594.49,1510,283310,6953747,1108.2,,53000,1362837,137979.86,1067636,10534,61528,11791900,1770899,64595,82986.49,22.98,2415188,357100,,203225,6006,,832272,,11371,1115837.6,406.56,6756253.5,1283644,16153,29117.87,,8325.51,478251,5021.76,,,,271.18,17485.09,,87505,2839.69,6635,,3424926.2,211959.38,8250.21,11846,276500,658887.75,,29724550,6862568,127578.1,,126877,352.71,51581,21.33,37489,1644634,7238.33,,508580,,78021.56,133307.83,,,,361052.8,393985.6,303107,645.97,136362,,,8833,1338566.2,2150520,2039.4,342475,575000,208244.55,,1006,60339.16,,80.36,18184,118756,3840,318955,1316184.8,70200,2125839,5707073.5,,24302.92,24208,74030.75,,,1804649,18916.89,62169.12,22822.9,30362.88,,35575,1983.27,,,,313.41,23338.85,456952,,365268,909000,77014,,152,299900,3192030,1398202,24858.34,15,810.36,3593.32,251994,280.13,,194.27,6532,16040.4,486737,1857641,125040,684.89,202860.66
2015,155.16,3595306,262.94,176076.16,252024,,9883.86,,777427,991.74,,101058,19692.62,2636,292221,6859227,1269,,48000,865571,144076.62,1082800,10300,63626.9,10627000,1997390,66748,84556.41,16.58,2008155,369849.16,,234471,5460,,833809,,11948.46,1130088,429.65,7194431.5,1314177,16499,29670.9,,10240.16,485165,5273,,,,269.6,18212.86,,87505,2729.08,6635,,3796114.5,216227.23,8511.06,11846,279181.12,727663,,29221000,9496058,128844.41,,114000,349.2,54810,7.53,46835,1290150,7560.8,,787000,,85991.08,135467.55,,,,373020.66,420942.1,315500,891.82,153370,,,7965.4,1275113.4,2262028.2,2037.11,334941.6,670000,234319.94,,2156,78379.16,,80.8,16578,118044,3220,333878,1251160.4,70266,2145361,5840123.5,,23433.17,24258,78311.07,,,1862841,17460.82,60324.72,21913.69,18172.82,,36500,1980.18,,,,312.83,22341.55,435252,,381983,910000,68991,,170.13,274066,3584532,1032542,24211.65,15.74,852.37,3204.18,270500,284.4,,197.41,5443,16211.13,539097,1943337.2,119229,675.72,218368
2016,265.09,3718579,231.19,176237.08,354241,,9976.21,,798012,1004.91,,72365,19997.96,3076,299580,6625211,1630,,51000,911193,140181.77,1118479,10443,62967.88,10940000,2001539,68901,85764.17,11.47,2417876,396600,,298081,7530,,812575,,11315.42,1140182.5,450.83,6529676,1214077,16133,30203.98,,11586.7,538302,4148,,,,270.03,17646.6,,87505,2348.58,6635,,3775149.5,220828.98,8232.65,15570,278467.7,725402,,29135000,7007125,129505.48,,136000,344.83,58702,23.89,40996,1288588,7302.94,,796200,,109675,137197.94,,,,381155.34,400638.4,309508,1118.98,174524.98,,,7731.23,1269185.8,2384778,2039.06,333819.6,517500,236194.73,,2447,106438.15,,81.09,16578,134634,2880,311060,1245907.8,71870,2073994.8,5829142,,23574.88,26224,86627.25,,,1898726,15869.29,58269.44,22090.63,6972,,37000,1980.09,,,,314.8,23407.43,310070,,408716,910110,61073,,185.83,257559,3164910.8,1118171,24339.09,15.89,821.26,3528.72,305926,284.5,,210.5,3387,16368.2,559525.44,1941935,116732,686.66,229368
2017,241.79,3915948,184.68,176409.62,412972.38,,10084.27,,807104,1024.54,,86935,20310.71,3113,289673.6,6584967,1822,,54000,830957,151799.84,1046740,10416,62332.33,11169800,2020915,71054,86049.2,7.26,2556158,400000,,295526,5842,,813883,,11541.65,1145149,405.89,6282105,1365554,13811,30734.01,,12938.46,493602.22,4355.91,,,,272.56,17405.76,,93181.83,2412,6635,,4082703,225265.94,8314.66,15597,275616.06,679050,,30477000,7162685,131236.16,,126000,340.74,64816,17.59,33935,1434162,7250.97,,946820,,78094,138800.48,,,,386952.38,394384.56,350492.6,1099,191228,,,8644,1251913.4,2229519,2040.04,333619,643700,247621.94,,1598,112910.2,,81.29,18397,137449,3313.33,358925,1229122.9,72266,1981047,6041369.5,,23918.09,27844,91274.6,,,1739007,17527,58251.05,22442.75,6624,,37000,1982.24,,,,315.43,24141.14,335208,,421313,928300,62887,,205,356017,2533674,1114280,24339.49,15.93,813.73,3409.26,369009,284.57,,318.67,3020,16521.19,551494,2045351.8,116581,695.7,252376
2018,220.68,3954036,38.64,176530.16,373931,0,10196.86,,810347,961.48,0,82081,20612.81,2762.22,305949.88,6723590,1822,0,56000,1654955,175759.19,1017362.5,7509,61716.89,11221700,2567169,73207,86061.96,5,2595229,270000,0,271925,5790,0,803310,0,11601.84,1175709.9,398.71,6505635,1292812,17249,31250.99,0,14230.79,501528.62,4888,0,190750,,277.63,17206.77,0,99082.57,4450,5030,,4207229,229674.53,8520.27,16802.2,281559,671663,0,30808000,7264379,134265.2,0,135000,0,66381,16.34,35456,1414175.8,7239.67,,970985,0,76310,140605.95,,0,0,392758.88,393113.2,330956.53,334,196421,0,,7333,1242464.4,2354479,2040.37,319950,495000,254403,0,1967,108834,,81.44,18265,135056,2860,371520,1218603.5,75868,2194857.5,6144374,0,24212.99,22650,101266.61,,0,1769697,19143,58015.59,22726.53,6293,,30000,1991.88,,0,0,316.11,23296.71,444879,,386230,913217,48835,0,214,356238,3395499,1265420,24379.24,15.96,819.18,3294.67,498888,287.25,,278,3950,16689.71,636973,2087274.6,109242,701.61,229286
2019,242.52,4036959,21.43,176605.23,310160,0,10301.58,,833309,965.82,0,85603,20907.94,3753.73,301255,6831874,1943,0,36000,1179759,200000,1016868,6631,60913.58,11655700,2914419,75360,85984.91,14,2249400.2,499600,0,283047,5340,0,804591,0,11486.3,1209268.4,456.5,6583477,1330280,12208,31775.92,0,16000,539442.6,5086,0,206870,,288,17029.34,0,106000,4840,3779,,3911126,234028.45,8698.59,17133.94,249883,636152.8,0,30460000,7280659,137257.69,0,144000,0,63653,19.27,32803,1715770,7250.26,,761602,0,78253,142099.9,,0,0,398285.8,393907.53,325446.9,220,196421,0,,7266,1237404.5,2399490,2041.28,349924,505000,278890,0,2160,98773,,81.56,18447,135660,1258,365000,1212934.8,89996,2252171.5,6049600.5,0,24517.58,27100,99383.26,,0,1850632,16182,57870.21,23000,6002.41,,31422,1999.46,,0,0,316.42,23615.09,416169,,398720,918562,24820,0,121,342629,3406936,1297590,24464.48,15.97,829.89,3410.88,548323,288.16,,278,3452.33,16907.31,508615,2194247,116300,704.73,252376
2020,234.99,4204538,4.7,176637.34,372432.66,0,10451.31,,817908,1114,0,92635,20610.49,3149.81,301162,6593437,1717.09,0,46000,917298,330000,948175.1,5553,60426.23,11513000,2399607.2,77513,88598.38,18.12,2623168,625980.5,0,263405.4,6070,0,805873,0,11543.27,1233461.9,556.31,6023390,1347000,9847.62,31253.64,0,14500,898354.8,8763.4,0,212140,,211,18076.79,0,111273.95,4790,2458,,4055498,233029.08,8511.18,17205.11,244564.81,585929.3,0,32597000,8182756,134253.02,0,153000,0,62257,17.73,32976,1856658.8,7460.71,,893000,0,82561,145336.77,,0,0,406008.62,393801.75,313811.34,242,200487,0,,7952,1248785.6,2464171.2,2041.36,340958,535000,254161,0,2364,102628,5583830,81.73,18447,150921,1428,423633,1220220.4,94486,2326085,5955310.5,0,24704.05,26300,99297.63,,0,2032073,9651,57268.32,23243.87,6000,20320,36500,1998.76,,0,0,318.71,23684.31,322915,,420140,923938.25,6241,0,145,359600,3426835.2,1360670,24983.61,15.97,845.13,3371.6,728133,288.23,,700,3470.47,17119.16,527948,2267520.2,123395,695.69,271404
2021,232.73,4345799,10.09,176347.88,346035.25,0,10427.17,,826151,1305,0,99467,20710.41,3173.64,300870.6,6803350,1364,0,46041.37,1301443,410000,904296,4930,59885.63,11724200,2413768.5,79666,88528.71,5.05,2570333,536522,0,241978,5510,0,807157,0,11543.8,1262834.2,1290,6717424,1185148,15396.16,31426.85,0,17000,1354800,7585.59,0,228900,,243,18004.12,0,108667.63,1470,3253,,4649527,235159.16,8576.68,17625,243063.16,362359.06,0,33062000,8741147,135258.64,0,173000,0,64732,17.78,44925,1985254.5,7459.7,,728200,0,83500,142680.88,,0,0,399017.78,414796.94,330253.2,157.12,500983,0,,9638,1316688.4,2405891.2,2040.96,336138,459508,318338,0,2049,103855.12,7388610,81.87,18417,141975,3804,419436,1289414.8,97470,2337153.2,5942215,0,24230.35,24990,100515.77,,0,2143866,6009,57819.76,22741.02,6000,22200,35500,1992.34,,0,0,317.58,23532.04,351574,,409110,934140.3,7945,0,142,337144,3572092.8,1325690,25080.68,15.96,853.59,3359.05,883455,289.85,,261,3624.27,17321.46,535123.94,2348199.5,132142,689.58,298072
2022,236.75,4589099,7.04,176512.08,280836.62,0,10499.27,,826179,259,0,86210,20742.95,2139.16,308180.6,6923179,1673,0,46358.64,1073758,400000,903738.4,4628,60000,11776800,2521732.5,80874.2,88972.15,5.01,2494250,492483,0,237354.44,5870,0,808443,0,11524.46,1397442,657.55,6122744,1212568,13673,31485.47,0,27000,1192664.9,10097.31,0,225530,,266,18135.82,0,110370.86,1480,2558,,4475123,234072.23,8595.48,18687,230954.5,562950.5,0,34528000,9245427,135589.78,0,183000,0,72848,18.26,45246.4,2052600,7500.89,,737470,0,83100.59,143372.52,,0,0,401104.06,400835.4,330601.1,217.31,524896,0,,9829,1270707.4,2593024.8,2041.14,334537,466534,317534,0,1879.1,89584.94,8015978.5,82.04,18427,215570,3661.98,395017.72,1240856.6,371544,2425443.8,5899705,0,24177.29,28460,105000,,0,2208467.8,7015,58259.68,22656.67,5905.71,22400,36000,1995.87,,0,0,318.42,23610.48,502069,,348870,947030.5,4910,0,197,351480,3614194,1285141.6,25234.44,15.98,857.91,3380.51,997244,293.68,,259,3515.69,17556,528550,2493421.5,136563.58,688.85,300998
2023,234.82,4893686,4.83,176676.28,374251,0,10571.36,,840362,719.07,0,67220,20687.95,2348.53,305524.7,6825724,1881.25,0,47107.97,1149280.2,378378.38,865230.6,4162,58699.48,11702800,2554287.2,79667.38,89415.59,5.01,2532934,513882.28,0,245856.08,6010,0,809731,0,11537.18,1655085.2,483.16,7198482,1194379,13127.88,31388.65,0,18625,938021.06,12364.8,0,212460,,264.02,18272.51,0,112627.69,1380,2159,,4390554,234086.81,8561.11,19011,223296.7,564053.7,0,36614000,9335232,135033.81,0,192000,0,71532,17.92,62524,2906900,7542.07,,723551.7,0,82311.48,143796.72,,0,0,402043.5,403144.7,278171.28,512.92,564415,0,,11246,1282537.2,2642338.5,2041.32,309192,371398,404669.62,0,1966.28,90616.08,7308103,82.21,18432,291807,1772.66,372547.3,1250163.9,173636.98,2415963.5,5871408.5,0,24117.68,30980,102399.46,,0,2308788,3759,58699.61,22597.45,5355.24,22701.71,36143.39,1999.41,,0,0,319.26,23608.94,428789.44,,467260,946733.8,2671.17,0,1332,359422.38,3673670.8,1296869.9,25387.05,16,852.21,3370.39,930240,300.78,,308.35,3536.81,17722.98,541963.6,2639388,131146.97,688.91,311198.12