"","Year","Albania","Algeria","Andorra","Angola","Antigua and Barbuda","Argentina","Armenia","Aruba","Australia","Austria","Azerbaijan","Bahamas","Bahrain","Bangladesh","Barbados","Belarus","Belgium","Belize","Bhutan","Bolivia","Bosnia and Herzegovina","Botswana","Brazil","Brunei","Bulgaria","Burkina Faso","Burundi","Cambodia","Canada","Cape Verde","Chile","China","Colombia","Congo","Costa Rica","Cote d'Ivoire","Croatia","Cuba","Cyprus","Czechia","Democratic Republic of Congo","Denmark","Djibouti","Dominican Republic","East Asia and Pacific (WB)","Ecuador","Egypt","El Salvador","Estonia","Ethiopia","Europe and Central Asia (WB)","Fiji","Finland","France","Georgia","Germany","Ghana","Greece","Guatemala","Guyana","Haiti","High-income countries","Honduras","Hong Kong","Hungary","Iceland","India","Indonesia","Iran","Iraq","Ireland","Israel","Italy","Jamaica","Japan","Jordan","Kazakhstan","Kenya","Kuwait","Kyrgyzstan","Laos","Latin America and Caribbean (WB)","Latvia","Lebanon","Lesotho","Liberia","Libya","Lithuania","Low-income countries","Lower-middle-income countries","Luxembourg","Macao","Madagascar","Malawi","Malaysia","Mali","Malta","Mauritius","Mexico","Middle East and North Africa (WB)","Moldova","Monaco","Mongolia","Montenegro","Morocco","Mozambique","Namibia","Nepal","Netherlands","New Zealand","Nicaragua","Nigeria","North America (WB)","North Korea","North Macedonia","Norway","Oman","Pakistan","Panama","Papua New Guinea","Paraguay","Peru","Philippines","Poland","Portugal","Qatar","Romania","Russia","Rwanda","Saint Lucia","Samoa","San Marino","Saudi Arabia","Serbia","Seychelles","Singapore","Slovakia","Slovenia","Somalia","South Africa","South Asia (WB)","South Korea","Spain","Sri Lanka","Sub-Saharan Africa (WB)","Sudan","Sweden","Switzerland","Syria","Tajikistan","Tanzania","Thailand","Trinidad and Tobago","Tunisia","Turkey","Turkmenistan","Uganda","Ukraine","United Arab Emirates","United Kingdom","United States","Upper-middle-income countries","Uruguay","Uzbekistan","Venezuela","Vietnam","World","Yemen","Zambia","Zimbabwe"
"1",2011,1.032633,2.5471923,NA,NA,NA,16.48668,39.96169,NA,106.66953,256.68393,21.03982,NA,0.83680606,0.24089941,NA,182.31506,57.617756,NA,NA,NA,11.491801,0.4822682,24.041819,NA,35.65437,NA,NA,NA,138.44228,NA,19.53686,309.1585,4.0433397,NA,2.8200588,NA,53.73051,5.485963,NA,74.59922,NA,282.55627,NA,1.5082015,384.4073,NA,6.7842712,NA,46.70648,0.042941507,248.85643,NA,306.2206,224.28549,36.7369,585.3131,NA,65.01635,0.27041414,NA,0.10085826,653.33374,0.23417605,25.595339,66.387695,156.73294,7.009852,2.1365292,147.08434,NA,NA,175.12683,148.09837,7.24508,2249.6538,5.3472905,82.91338,3.15727,NA,22.356094,NA,12.17024,83.99245,NA,NA,NA,NA,30.712175,15.893533,10.106563,163.98282,7.2780204,0.13145038,NA,36.89728,NA,21.620687,0.7984644,9.241302,35.41974,33.907795,176.75131,NA,32.253956,5.1348133,0.33828014,NA,0.2912852,154.85464,342.38138,0.34369865,0.37344003,729.80896,316.99896,19.09778,226.52534,NA,0.45154247,5.685656,NA,NA,1.3308724,1.8931565,101.90931,54.084465,NA,70.67864,185.25615,NA,NA,NA,NA,13.829183,24.873838,NA,203.71596,41.4939,228.95078,NA,12.378478,5.403347,2764.1829,73.38045,9.234117,1.3050172,6.889719,212.08116,201.83514,NA,0.51119614,NA,13.433379,NA,12.584931,52.341824,NA,NA,57.20412,4.6449184,242.54329,795.132,177.67589,6.011738,9.783787,2.0900996,3.3910446,192.6561,0.25378045,0.20778795,NA
"2",2014,3.4612808,2.3976514,NA,NA,NA,11.830586,40.14865,NA,84.683365,244.78268,17.619152,2.6157606,4.564258,0.27854285,3.5926251,69.005554,79.31087,NA,NA,0.8295781,11.501253,1.8415834,23.28509,62.387524,30.177446,NA,NA,0.12989736,118.473564,NA,25.302008,583.97723,5.5835414,NA,3.1465545,NA,40.460796,2.126571,3.3283381,86.457954,NA,243.9986,NA,1.5510597,542.9639,1.4967144,7.7105546,NA,33.471657,0.01977934,245.23283,NA,259.81815,218.66307,29.57455,594.6223,NA,59.766373,0.63768494,1.3258573,0.19280389,674.9929,NA,26.557854,55.33895,155.77942,9.1748905,2.7117083,167.88536,NA,NA,136.93295,141.48909,11.812085,2089.624,4.549741,97.77571,2.86636,NA,22.35073,0.14918311,12.165484,51.660614,12.6044,NA,NA,NA,41.945637,1.0388057,11.905365,230.08382,3.2169857,0.20190315,NA,44.077206,NA,11.505944,2.378672,10.402035,39.945995,23.444485,166.07617,46.910126,20.906708,10.378666,0.54287815,NA,0.36137128,136.02129,362.2274,0.16483991,NA,817.4827,NA,NA,215.29103,NA,0.6814003,3.3400984,NA,NA,2.756026,3.2187457,103.678505,69.415985,2.3236954,47.81762,166.89174,0.4399566,NA,4.999075,122.49273,23.031322,28.323896,NA,238.22043,38.939594,NA,NA,14.425799,6.927401,3233.1785,63.531498,NA,1.1272985,NA,204.61813,180.73799,NA,NA,NA,14.327144,2.9732194,12.595031,61.75024,NA,0.13737947,53.445133,3.598265,235.22383,895.4404,316.2622,11.023932,11.41515,1.8179367,5.3119793,244.65894,0.9594291,0.88076264,NA
"3",2015,4.859925,2.2239141,NA,NA,NA,12.558361,37.609,NA,96.195854,255.12863,19.068659,5.1901407,5.8380437,0.2572417,NA,57.393047,84.174515,NA,1.3502238,NA,NA,1.3616107,23.01221,NA,39.00813,NA,NA,NA,119.788826,NA,24.546165,701.70306,6.8341584,NA,3.528407,NA,40.70597,NA,4.920041,83.4435,NA,257.23663,NA,2.3958228,610.2021,1.2295415,7.209028,1.1320127,22.80663,0.17329831,240.33006,NA,235.2391,214.97177,26.575212,580.07056,NA,50.827644,0.43827403,NA,NA,670.8342,0.43302673,32.77879,57.807415,120.9135,9.471964,4.0412645,NA,8.918936,NA,153.33946,NA,2.4977396,2035.842,4.2955647,70.28246,2.9094136,NA,20.198559,0.14702326,12.218681,68.772766,16.99506,NA,NA,NA,34.76872,1.1820822,11.869645,224.71753,4.6663556,0.1179862,0.3511732,40.726418,NA,20.222311,0.7918415,11.265995,9.487461,22.567171,136.02852,36.010868,36.96804,6.472569,0.9040375,5.475298,0.39534742,130.28395,256.8664,NA,NA,820.775,NA,NA,222.21764,1.1947731,0.9618443,3.5353222,0.114374,NA,2.1997793,3.5608141,123.09665,89.3023,NA,49.203617,202.35658,0.42955247,NA,4.9558434,212.78535,23.980106,25.086737,NA,265.4019,42.03694,NA,NA,15.672506,7.301679,3278.941,60.26505,10.395803,1.4776868,6.6709256,207.97646,178.33003,10.193251,NA,0.01922302,14.587304,2.2227705,15.786339,68.42373,NA,0.23979892,49.60151,4.115112,228.31485,898.9708,377.8398,7.719676,9.366053,1.5372553,6.2699804,265.06854,0.16046533,1.2195799,0.62504286
"4",2016,6.953859,2.5948133,NA,NA,NA,20.13653,41.773888,NA,108.30516,237.84811,14.757406,7.730863,4.214294,0.4788202,NA,48.049614,93.015686,NA,5.3485518,1.0733434,17.276115,0.44747216,25.58827,37.4213,32.26792,NA,NA,0.18924098,112.93019,3.9020278,21.130745,868.2733,11.488798,NA,1.8491892,NA,42.611557,2.8405025,2.4250028,74.955055,NA,270.94925,NA,2.6536686,707.14294,2.7264235,9.051146,0.64507806,22.039991,0.09370476,246.31898,NA,229.28671,212.90657,25.754492,588.71625,0.47689214,56.236233,0.1844025,1.3096753,NA,670.1843,1.0624305,31.758581,62.767326,104.34088,9.821092,4.160567,178.13629,NA,16.61292,152.11795,145.94038,6.7617702,2047.9398,2.1986,54.074364,2.9912949,3.2466755,13.602496,NA,13.885864,48.48084,NA,NA,NA,NA,33.12146,0.98705727,12.513962,245.69856,NA,0.22988547,0.17086482,34.88553,NA,6.588252,1.5825952,10.715628,42.504738,32.463062,187.78839,36.25938,16.069342,6.7668934,0.5487048,7.3794293,0.39348304,134.46611,228.03929,NA,0.43490785,833.4261,NA,NA,234.40549,0.6832348,0.9266878,16.877277,NA,NA,2.3326263,3.0636418,112.21992,70.118,6.459132,51.009357,184.7734,0.2516951,28.466347,NA,362.52682,34.5672,27.201933,NA,285.5215,40.5097,NA,NA,12.294892,7.610702,3190.7656,59.052498,13.201942,1.410492,6.883198,204.77502,174.6018,NA,NA,NA,15.495378,2.2158291,20.383957,78.58426,NA,0.41238016,48.95123,6.379339,211.48701,914.122,461.6468,NA,11.283519,1.1376297,5.9574394,294.2277,0.4983025,0.8868171,0.5479342
"5",2017,5.568206,3.5740588,NA,NA,NA,8.873556,35.913273,NA,101.77863,235.63336,20.702183,10.243671,5.329368,0.37611103,NA,45.882282,87.99878,NA,NA,5.2007184,25.374182,1.3234825,26.770433,18.485485,28.547415,NA,0.26071626,NA,110.90414,3.8994489,22.900105,892.2043,12.362075,NA,3.8671515,NA,36.62091,2.5782754,6.3781867,74.944984,NA,258.4571,NA,1.874969,721.71185,0.95468134,9.884658,0.64375615,28.085964,0.1276598,242.92429,NA,252.3504,215.41283,20.118004,578.11194,0.4998608,46.305428,0.18107897,NA,NA,662.8676,0.41718218,43.824055,50.674473,104.834015,11.003508,8.494589,179.51997,15.583153,12.896816,164.80553,142.77287,3.9065773,2049.9954,2.540495,56.562508,2.7440271,NA,21.722946,0.42746326,13.724569,46.33806,NA,NA,NA,NA,28.63807,0.9606809,13.632529,261.5975,1.5422579,0.33596662,NA,36.03699,NA,10.683784,0.79058444,10.810368,44.348465,26.49546,477.73236,39.378616,NA,5.5859,0.8520793,3.9890652,0.7139986,130.81322,210.65315,NA,0.49936438,823.69824,313.54446,NA,218.30717,0.8815629,0.8644089,8.051319,NA,NA,3.1923754,2.9874299,103.33161,62.52245,7.4632144,56.05268,156.7657,0.3278135,17.012396,NA,413.89505,29.344015,24.355997,NA,286.69412,33.644455,NA,NA,12.631178,8.469679,3097.3147,46.508896,12.917366,1.3765775,6.5785923,198.05725,158.1904,6.2419806,NA,NA,13.757693,NA,14.763317,101.789635,NA,0.62224054,50.246456,6.8305826,201.35074,903.9803,472.1203,6.7877884,11.219648,3.140814,6.2199917,295.68774,0.45329654,0.6880213,NA
"6",2018,5.233089,3.576047,13.304595,0.19171071,54.989773,9.517436,34.01819,NA,110.442314,230.64252,15.593921,NA,7.318253,0.4219587,NA,47.993465,78.06036,NA,1.3162068,NA,24.800709,NA,24.162176,59.386494,25.62264,NA,0.16864194,0.061445735,117.310295,5.8432264,21.489223,993.6233,8.465161,NA,1.6136131,NA,30.335129,2.5830317,3.1477797,63.78218,0.4886302,217.82521,NA,1.5766941,778.77295,1.9941878,9.433954,0.48233008,18.154627,0.115387194,243.24854,NA,251.47198,212.97427,27.639513,562.2889,0.42431542,40.063797,0.3561743,2.526669,NA,652.79236,0.8192348,42.132946,41.634426,158.76572,11.8494835,5.212041,138.27539,16.217308,15.614355,169.54114,147.64548,9.219541,2000.0631,2.2939494,41.67387,4.85987,0.23129329,NA,0.14029092,12.872814,44.624928,NA,1.8318348,NA,NA,28.912638,1.2457446,12.574888,250.02055,1.517681,0.32733312,NA,33.909668,NA,4.1268597,12.642455,12.48257,37.588028,33.983414,104.83829,25.559591,4.8213916,5.217669,1.1716605,8.147977,NA,122.50732,207.5256,NA,1.8639715,795.2312,302.5705,NA,203.69298,3.479867,1.34844,32.390724,NA,5.2898674,2.79018,4.832582,110.78414,64.27571,NA,56.485657,171.43277,0.4804614,11.29835,4.8173733,405.53848,35.69976,23.343727,NA,279.3209,39.84012,122.95711,NA,11.209117,9.179439,3151.3196,32.587032,15.828334,1.7747796,7.8904657,180.63503,150.68715,5.261049,NA,NA,12.665308,2.9429228,15.298949,87.90377,NA,0.14434934,46.60586,6.098408,193.57408,872.28174,522.3945,NA,14.518052,NA,6.7125726,310.05023,NA,0.61200976,NA
"7",2019,1.4014479,2.6100285,39.22902,0.061774857,NA,9.828017,37.80591,NA,104.085976,232.65976,14.664391,NA,2.695861,0.4123385,NA,31.635632,76.24698,NA,1.3074903,NA,13.450771,0.8576024,26.338184,18.071745,26.663757,NA,NA,NA,112.65735,NA,22.815182,883.3759,8.455561,NA,3.2002861,NA,49.374714,2.410102,3.1087978,71.683784,0.45186827,232.35327,NA,2.1112456,711.636,1.6724317,9.548766,0.16071181,23.36276,NA,239.89941,NA,239.24199,209.29903,22.848473,561.20276,NA,33.204056,0.4092657,NA,NA,650.7286,NA,46.08479,43.700115,130.3517,14.005454,11.350901,132.89812,17.891748,11.754358,151.09344,154.51434,4.958787,1937.6624,1.9677862,NA,5.7418704,NA,13.960099,NA,13.051348,42.8462,NA,0.45261055,NA,NA,32.210304,0.9081025,14.043165,188.70937,NA,NA,NA,32.02694,NA,9.9194145,3.159595,10.376662,36.13274,31.904224,262.4052,25.706367,25.722315,5.495583,0.7696328,3.0183053,NA,128.45294,65.070694,NA,2.095609,790.5494,283.3207,NA,178.94888,6.534181,1.3561473,8.028904,NA,0.6139623,4.2219706,4.5214696,102.38249,68.343575,14.780246,45.478836,160.44325,NA,NA,9.533797,317.34125,39.515965,24.189247,NA,302.79288,37.769424,NA,NA,9.515357,10.774411,3315.0505,27.325861,16.328028,1.5316212,5.225237,175.3108,159.64493,5.9449134,0.10493217,NA,12.094135,0.7331459,NA,95.314285,NA,0.32558414,46.644096,5.822703,180.45576,868.3734,464.42923,NA,11.345469,NA,7.409406,287.92993,1.7088463,0.108027294,NA
"8",2021,8.180203,5.987342,38.282887,NA,NA,8.960043,13.503021,NA,115.474106,209.02663,11.738305,NA,1.9941969,0.44137245,258.73038,29.669172,68.96138,NA,NA,0.41885307,16.333288,1.2492499,22.266731,4.4275117,23.990429,NA,NA,NA,123.16989,1.9355501,20.661652,1010.1136,8.439449,NA,2.964434,NA,19.850574,1.8881211,0.7591233,51.495502,NA,186.11058,2.67559,0.6292997,NA,1.9793633,7.9400125,0.31970423,18.783829,NA,NA,NA,280.99536,197.30904,24.267853,478.65237,NA,37.278103,0.51140285,49.050747,NA,NA,NA,54.09343,44.593704,91.27026,18.5737,5.0477304,115.425285,NA,14.901163,169.87857,173.8618,5.638405,1769.9648,2.2590995,NA,3.0064356,NA,12.114624,NA,NA,55.187344,NA,NA,NA,NA,28.919907,NA,NA,174.9825,2.930403,0.20208088,NA,25.756657,NA,9.642532,4.7380867,8.750617,NA,24.655127,129.77911,32.212868,NA,6.873328,0.94613945,NA,NA,118.63313,64.56283,NA,NA,NA,NA,22.861946,174.91568,6.6660385,1.7788705,8.054485,NA,1.4960694,2.8350928,4.3324127,91.31578,68.61722,18.76315,40.372223,135.19473,1.0482761,NA,4.6777277,204.36763,45.412636,20.192188,NA,371.1333,26.80253,105.30914,NA,29.332092,NA,3597.5789,27.585745,12.005777,NA,NA,170.02997,147.96866,4.7159257,NA,NA,12.087442,1.4624609,NA,97.852196,NA,0.3049383,29.391422,7.206152,172.94705,789.7751,NA,NA,12.060614,NA,10.77474,301.11658,0.53849965,0.6631433,NA
"9",1980,NA,0.26871356,NA,NA,NA,45.302666,NA,NA,27.02151,308.23508,NA,NA,NA,0.3862915,NA,NA,87.73494,NA,NA,1.3891542,NA,NA,17.72993,NA,372.05743,NA,NA,NA,67.22232,NA,12.164868,NA,1.6472257,NA,12.548978,NA,NA,13.156827,1.4639659,NA,NA,188.17,NA,NA,112.4346,4.2861285,1.7292215,2.6429493,NA,NA,125.01213,3.115386,283.7096,199.00792,NA,366.3753,NA,131.18997,NA,NA,0.71244186,NA,1.6097991,NA,149.47081,83.28293,1.7560092,0.03356819,4.24172,1.397882,115.44772,172.5116,112.857735,NA,1418.8362,NA,NA,NA,NA,NA,NA,13.73039,NA,NA,NA,NA,NA,NA,NA,NA,266.37375,NA,NA,0.3192069,NA,NA,22.106775,NA,10.460572,5.4761753,NA,516.1861,NA,NA,1.4902407,NA,NA,0.12859169,129.04776,368.78793,NA,NA,253.16693,NA,NA,175.2488,NA,0.44962385,7.662702,NA,NA,4.723244,2.4769096,174.22763,9.420137,NA,115.68278,NA,NA,NA,NA,NA,NA,NA,NA,0.8285193,NA,NA,NA,104.746605,1.4315335,32.551865,50.038456,0.7408418,8.0546875,NA,494.07193,640.72455,0.66981757,NA,NA,0.28477532,6.240283,4.087073,2.950969,NA,NA,NA,NA,348.2602,273.2886,NA,23.713114,NA,15.467074,NA,NA,NA,0.34465924,5.538748
"10",1981,NA,0.7283812,NA,NA,NA,33.516068,NA,NA,30.690346,315.77377,NA,8.452585,2.6772041,0.43187883,NA,NA,81.75286,NA,NA,2.0380058,NA,NA,17.499159,NA,413.10895,NA,NA,NA,87.18805,NA,7.877578,NA,1.4599488,NA,16.689482,NA,NA,12.3866415,NA,NA,NA,211.84901,NA,NA,5.584738,1.6692679,1.3068357,NA,NA,NA,117.38666,NA,296.46057,196.84065,NA,380.5866,NA,125.49657,NA,NA,NA,NA,NA,NA,198.28511,60.670406,1.5162792,NA,6.811257,1.8562968,133.5071,183.77148,NA,NA,NA,NA,NA,NA,NA,NA,NA,12.287169,NA,NA,NA,NA,NA,NA,NA,NA,298.44617,NA,NA,1.0742038,NA,0.12999226,18.80984,2.0398548,11.10432,6.2417355,NA,732.78864,NA,NA,1.8013148,NA,NA,NA,133.1489,330.5706,NA,NA,253.86499,NA,NA,174.159,NA,NA,3.9911835,NA,NA,2.8091774,1.8454028,121.73181,9.135793,NA,110.99146,NA,NA,NA,12.071609,NA,NA,NA,NA,1.5792581,NA,NA,NA,109.36103,1.2042736,34.062225,45.49953,0.3973664,8.444383,NA,470.40427,584.19214,0.7559241,NA,NA,0.55822915,NA,4.1430635,3.3893776,NA,NA,NA,NA,369.36954,271.95316,NA,23.96021,NA,11.219269,NA,NA,NA,0.16713215,4.667516
"11",1982,NA,0.7044965,NA,NA,NA,32.87897,NA,NA,24.301502,294.81894,NA,12.468102,NA,0.43096712,NA,NA,92.73254,NA,NA,2.9909832,NA,NA,16.671505,NA,406.84244,NA,NA,NA,79.627525,NA,8.10112,NA,NA,NA,15.446732,NA,NA,18.4612,NA,NA,NA,213.95871,NA,NA,5.818158,2.5547833,1.1420541,4.759353,NA,NA,118.122696,NA,339.34592,191.39249,NA,391.50623,NA,129.11777,2.3479881,NA,0.34270418,NA,15.914203,NA,218.95216,76.969124,1.5659848,0.102529824,4.562689,3.2625108,124.505135,175.39072,NA,NA,NA,NA,NA,NA,NA,NA,NA,11.656998,NA,NA,NA,NA,NA,NA,NA,NA,257.16437,NA,NA,0.44255105,NA,NA,9.205334,NA,7.8088107,5.4506645,NA,326.54837,NA,NA,2.290413,NA,NA,NA,130.86288,312.4109,NA,NA,254.3108,NA,NA,168.41698,NA,NA,3.4108555,NA,NA,3.0690813,2.6432219,123.70799,9.281893,NA,121.19734,NA,NA,NA,NA,NA,NA,NA,NA,NA,NA,NA,NA,95.42836,1.2481093,39.566345,43.33174,0.78500295,7.410587,NA,490.91544,601.5982,0.4178632,NA,NA,0.8422014,8.711355,NA,2.6626039,NA,NA,NA,NA,364.5653,273.30963,NA,16.467865,NA,10.79279,NA,NA,NA,0.161848,5.258773
"12",1983,NA,1.4592777,NA,NA,NA,37.49405,NA,NA,28.97332,310.10684,NA,NA,NA,0.4195724,NA,NA,81.680115,NA,NA,1.7888913,NA,NA,17.736332,NA,426.29886,NA,NA,NA,79.51447,NA,7.9826126,NA,2.9298089,NA,6.16534,NA,NA,16.61491,2.8279543,NA,NA,228.18385,NA,4.0668607,145.6863,2.7148042,1.841528,8.284886,NA,NA,120.21522,NA,354.0106,198.66925,NA,405.20538,NA,120.955124,NA,1.2888408,0.16803627,NA,3.9233246,3.928832,258.19818,135.0342,NA,0.25054592,4.627464,2.2236366,161.51085,167.35689,NA,6.711914,1908.5887,NA,NA,NA,NA,NA,NA,14.046395,NA,NA,NA,NA,NA,NA,NA,NA,NA,NA,NA,0.1418096,NA,NA,12.101995,NA,10.1429405,5.3390503,NA,679.5422,6.560632,NA,0.759709,NA,NA,NA,131.48123,346.9509,NA,NA,236.90149,NA,NA,199.83374,NA,NA,7.615037,NA,1.506901,4.116336,1.207021,129.63538,9.138505,NA,137.76303,NA,NA,NA,NA,NA,NA,NA,NA,1.8649334,NA,NA,NA,129.50795,0.057816118,40.064743,39.24391,1.0397176,10.089019,0.36630479,514.22534,594.6619,NA,NA,0.047438614,0.99125814,NA,2.6935835,NA,NA,NA,NA,NA,353.1332,254.0335,NA,13.383396,NA,37.736523,NA,NA,NA,0.15671432,4.9392447
"13",1984,NA,1.4103067,NA,NA,NA,39.580627,NA,NA,36.265858,307.34912,NA,12.054826,NA,0.63384986,11.768398,NA,88.17526,NA,NA,0.63675326,NA,NA,15.543628,NA,428.87375,NA,NA,NA,79.11883,NA,8.601106,NA,2.4089916,NA,8.996868,NA,NA,21.244282,2.7803495,NA,NA,188.98122,NA,NA,161.09828,2.6446917,2.5991254,6.4610214,NA,NA,120.03947,NA,363.59518,201,NA,410.79553,NA,129.04463,NA,NA,0.3295311,NA,0.952415,3.7051446,268.93274,116.90486,1.328696,0.15926383,3.3895469,8.098894,184.29277,167.34792,NA,4.415865,2133.566,NA,NA,NA,NA,NA,NA,13.699718,NA,NA,NA,NA,NA,NA,NA,NA,158.47081,NA,NA,NA,NA,NA,NA,NA,9.359673,5.592118,NA,387.92496,18.139631,NA,1.2966698,NA,NA,NA,127.5633,310.1856,NA,NA,244.24521,NA,NA,232.12006,NA,NA,6.9742074,NA,2.9300287,NA,1.8985157,137.92493,9.603619,NA,152.2048,NA,NA,NA,NA,NA,NA,NA,NA,1.4640104,NA,NA,0.15555997,114.301605,1.0894436,49.42341,46.542736,1.0361446,8.945257,NA,476.09308,526.7108,NA,NA,NA,0.99287343,NA,1.6620398,3.0862908,NA,NA,NA,NA,338.39594,262.23257,NA,14.321456,NA,51.443836,0.9011184,NA,NA,NA,4.051725
"14",1988,NA,0.20738682,NA,NA,NA,NA,NA,NA,85.772194,291.61603,NA,15.01231,NA,0.22384717,NA,NA,64.23163,NA,NA,NA,NA,NA,16.255713,NA,0.66804385,NA,NA,NA,103.4647,NA,8.53884,4.339025,2.7304392,8.453262,3.3691554,NA,NA,NA,NA,NA,NA,233.35535,NA,NA,181.77406,2.397409,3.4427974,NA,NA,NA,120.84228,NA,400.48672,215.92694,NA,408.37106,NA,20.424463,1.8752712,NA,0.15201855,NA,NA,2.1323478,307.83786,64.06663,1.2485753,NA,3.0323558,16.08628,206.24413,223.9982,40.42078,NA,2520.0933,NA,NA,0.04682477,NA,NA,NA,7.8464055,NA,NA,NA,NA,NA,NA,NA,NA,182.08595,NA,NA,0.11424313,4.3461165,NA,8.637444,2.8756595,8.181136,7.2448525,NA,537.2553,NA,NA,3.531836,NA,NA,NA,146.20503,244.56357,NA,NA,287.32166,NA,NA,214.75296,NA,NA,3.8251514,NA,NA,2.5172524,1.4395943,166.03001,5.3894315,NA,243.51991,NA,0.14351174,NA,NA,NA,NA,NA,NA,NA,NA,NA,NA,125.491646,0.9933117,135.51822,46.84404,1.6170541,10.014531,NA,386.41666,490.79486,NA,NA,NA,1.4725429,NA,2.508013,2.838083,NA,NA,NA,NA,360.73428,307.535,NA,9.126583,NA,NA,0.31825227,139.70622,NA,0.94704145,3.9653165
"15",1989,NA,0.16158688,NA,NA,NA,NA,NA,NA,98.07061,276.26242,NA,NA,NA,0.29241422,NA,NA,68.52695,NA,NA,NA,NA,NA,15.856334,NA,7.0970144,NA,0.18275836,NA,111.12015,NA,10.21566,4.2452955,2.8323014,NA,4.2709394,NA,NA,NA,NA,NA,NA,218.21324,NA,NA,184.58316,2.5386033,3.2798078,3.5855963,NA,NA,114.42397,NA,392.39615,217.31679,NA,395.81577,NA,21.4084,0.5697651,NA,NA,NA,NA,2.6379657,253.48895,71.18789,1.2387128,0.6270754,2.486557,14.224389,209.62634,230.63303,NA,NA,2580.39,3.2839477,NA,NA,NA,NA,NA,8.286988,NA,NA,NA,NA,0.69077945,NA,NA,NA,153.80536,NA,NA,0.10897733,4.851286,NA,5.7025223,NA,9.317246,7.0340915,NA,299.16235,NA,NA,2.506327,NA,NA,NA,148.49577,244.60475,NA,NA,311.50864,NA,NA,240.12865,NA,NA,2.4960272,NA,1.5275719,NA,1.1588949,139.45697,8.595702,NA,253.35193,NA,NA,NA,NA,NA,1.184788,NA,NA,NA,NA,NA,NA,129.55298,0.9930258,165.37477,53.7502,1.72323,10.21299,NA,370.54202,488.49753,NA,NA,NA,0.79852986,NA,3.1895344,2.9467015,NA,NA,NA,NA,345.71017,333.72635,NA,7.452398,NA,9.457891,0.717099,135.45445,NA,0.39529774,3.9534514
"16",1990,NA,0.23644565,NA,NA,NA,29.155052,NA,NA,100.32154,263.7457,NA,7.2478213,NA,0.28665176,NA,NA,64.51044,NA,NA,NA,NA,NA,16.01816,NA,22.710878,NA,NA,NA,92.05111,NA,12.577047,5.1374884,NA,NA,4.805065,NA,NA,NA,NA,NA,NA,236.92169,NA,NA,192.18253,NA,4.7605495,1.8519459,NA,NA,107.1135,NA,412.9206,212.45769,NA,386.79123,NA,23.634884,2.991765,NA,NA,NA,1.2047012,3.6813042,238.77028,66.71219,1.3260541,NA,3.117501,NA,208.88031,225.75107,NA,1.6807591,2698.6995,NA,NA,NA,NA,NA,NA,10.386474,NA,NA,NA,NA,2.2495978,NA,NA,NA,107.372,NA,NA,NA,5.1589255,NA,5.6470056,0.94448775,7.981148,6.405889,NA,691.7452,NA,NA,2.5025074,NA,3.6514928,NA,143.59753,240.8553,NA,0.12355731,335.98236,NA,NA,211.95467,NA,0.1980103,6.108529,NA,3.9645696,2.2257783,2.3387284,107.73854,10.116979,NA,118.611305,NA,NA,NA,NA,NA,1.5036618,NA,NA,NA,NA,NA,NA,26.824543,1.073151,211.85332,57.065933,1.4065164,2.2539167,NA,363.13354,444.79065,NA,NA,NA,1.3336176,NA,3.2434344,2.4635983,NA,NA,NA,NA,337.3068,363.1196,NA,NA,NA,13.214297,0.8854346,129.77316,NA,0.8990301,4.3404145
"17",1991,NA,0.23087643,NA,NA,NA,28.37772,NA,NA,99.340225,267.70203,NA,3.5621288,NA,0.3163803,NA,NA,62.471973,NA,NA,NA,NA,NA,15.284307,NA,48.88578,NA,NA,NA,77.82456,NA,11.052157,6.40609,2.5681021,NA,19.674122,NA,NA,NA,NA,NA,NA,205.84763,NA,NA,194.11723,1.214683,5.1308537,1.8198107,NA,NA,132.26572,NA,423.4364,215.13387,NA,403.12997,NA,18.217184,3.343189,NA,0.42885017,NA,NA,2.7816412,213.0449,131.88672,1.4333754,0.18203406,4.367618,NA,222.39607,219.64034,NA,1.6660634,2709.9238,NA,NA,0.33831626,NA,NA,NA,10.028299,NA,NA,NA,3.0666726,5.5012765,7.8290906,NA,NA,134.36693,NA,NA,0.10158238,5.77894,NA,16.490538,1.8686943,6.6800447,6.879113,NA,391.83673,12.930983,NA,2.2178302,NA,2.119117,NA,106.50442,281.2509,NA,NA,320.68506,NA,NA,216.81326,NA,0.1832411,7.5749574,NA,NA,1.378772,2.283238,88.61013,10.240723,NA,87.604294,NA,NA,NA,NA,NA,2.4191935,NA,NA,NA,NA,10.502998,NA,24.539495,1.1633112,306.10428,55.329754,2.002992,2.1209,NA,366.00473,433.6779,NA,NA,NA,1.4378809,NA,3.0581663,2.596041,NA,NA,NA,NA,334.87216,347.67432,NA,10.88922,NA,11.475065,0.5531323,111.533905,NA,0.12528738,5.7665606
"18",1992,NA,0.37553653,NA,0.32196498,NA,14.928683,NA,NA,96.97553,270.0011,NA,6.9947925,NA,0.6209456,NA,NA,67.196556,NA,NA,NA,NA,NA,13.612049,NA,38.52385,NA,NA,NA,98.93813,NA,12.81998,8.602797,3.5544422,NA,5.48069,NA,104.68074,0.09271449,NA,NA,NA,232.82031,NA,NA,195.55774,2.1042755,4.8958488,1.9693466,NA,NA,189.66663,NA,406.982,213.07948,74.89484,420.70288,NA,21.348082,2.8354595,NA,NA,NA,NA,1.8963883,144.3679,107.25627,1.3821255,0.35255042,3.677373,8.141701,NA,273.27737,133.24628,2.474532,2716.6487,NA,24.98179,NA,NA,NA,NA,8.463729,27.92294,NA,NA,NA,NA,36.2151,NA,NA,NA,NA,NA,0.19733442,8.017172,NA,8.1606455,NA,6.566346,8.118312,NA,291.38474,11.993782,NA,NA,NA,NA,0.048520826,115.44921,291.9274,0.6885431,NA,334.2134,NA,NA,219.5315,NA,0.13759963,7.0275826,NA,4.7018995,0.91517866,2.0174096,75.35776,6.9329357,NA,63.919533,265.88446,NA,NA,NA,NA,1.7969182,NA,NA,NA,NA,94.16489,NA,20.921926,1.1508498,364.61127,53.016415,2.1506295,1.7554889,NA,379.66943,446.23093,3.9594874,NA,NA,1.1852359,10.222746,2.533829,3.259176,NA,NA,5.905549,NA,327.3336,360.3117,NA,12.421561,NA,9.720442,0.49809307,116.06456,NA,0.85609317,3.9242435
"19",1993,NA,0.29328686,NA,NA,NA,23.043554,53.281876,NA,94.30213,277.01767,NA,NA,NA,0.3047429,NA,80.866875,80.22232,NA,NA,3.4304435,NA,NA,15.491608,NA,48.628986,NA,NA,NA,126.303986,NA,10.991134,10.254234,4.0067973,NA,8.017975,NA,109.33682,0.09224215,NA,86.448456,NA,223.37311,NA,NA,194.23337,1.8826864,5.213327,1.7667979,NA,NA,194.31264,NA,427.51852,213.82976,102.21742,428.21042,NA,21.12727,4.0900793,NA,NA,NA,NA,1.5251652,109.968376,128.92218,1.3111115,0.19658037,4.5274262,8.541135,NA,250.52272,131.84515,3.6735954,2662.402,NA,186.57573,0.55738723,NA,NA,NA,9.72652,60.469162,NA,NA,6.49614,3.169207,112.14863,NA,NA,183.65935,NA,NA,0.2917146,10.247034,NA,21.545456,1.8225327,6.3089104,8.379755,22.513699,321.17163,25.402632,NA,1.6396908,NA,8.616707,0.28328398,113.339325,346.00525,0.4490616,NA,358.8203,NA,38.866802,239.10068,NA,0.14958261,7.647894,NA,6.876482,1.4521362,2.6358414,69.13423,8.831196,NA,62.117584,191.99269,NA,NA,NA,NA,1.7190764,NA,NA,NA,52.954712,139.07396,NA,20.87897,1.0800678,485.33047,55.00332,2.8779652,1.8247052,NA,431.26382,432.24063,5.943887,0.8733635,NA,1.9161026,22.648005,4.7415247,2.864447,NA,NA,165.94038,NA,324.4534,384.5621,NA,9.187842,97.1441,8.75108,0.4598601,116.66232,NA,0.47767347,4.051458
"20",1994,NA,0.9681834,NA,NA,NA,20.049986,45.770535,NA,95.42013,250.62631,NA,NA,NA,0.3240732,NA,66.784294,73.54974,NA,NA,3.6235063,NA,NA,14.2466955,NA,37.780132,NA,NA,NA,85.51529,NA,15.297296,9.389723,3.530007,NA,9.2723465,NA,59.543976,11.115172,NA,73.15949,NA,244.70917,NA,NA,188.63724,0.35173503,4.7911205,1.750048,10.940066,NA,179.29648,NA,453.1936,211.0245,79.81678,450.83185,NA,25.397316,2.0908592,NA,NA,NA,NA,3.4794712,112.34266,82.70024,1.6872728,0.14751376,4.3237553,5.5611258,NA,233.56177,138.48573,2.424027,2555.8645,NA,81.730736,NA,NA,29.23544,NA,9.128964,71.01083,NA,NA,NA,2.0738125,30.62499,NA,NA,124.092575,NA,0.66109145,0.09837781,11.251008,NA,56.03033,4.492985,5.5792565,8.0072975,79.88553,669.3227,58.46364,NA,4.1152544,NA,NA,0.18418343,113.633125,346.40884,NA,NA,375.49045,NA,29.106735,247.65872,NA,0.23709716,4.1205506,NA,NA,1.2143295,2.6224551,69.42957,10.308737,NA,71.84271,143.18643,NA,NA,NA,NA,2.5882273,NA,NA,NA,46.38695,143.75883,NA,21.248001,1.3602451,639.6285,54.008804,2.083843,1.7079834,NA,450.1896,433.67014,4.71546,4.119911,NA,2.5746276,10.090496,4.324469,2.5152483,NA,NA,102.83048,NA,317.70093,407.5348,NA,5.6731615,47.232616,10.310613,0.31049594,112.72634,NA,NA,NA
"21",1995,NA,0.9834848,NA,NA,NA,19.275723,56.536785,NA,99.084236,217.40558,28.757881,NA,NA,0.57096076,NA,61.213493,72.21206,NA,NA,2.158819,NA,NA,16.737247,NA,43.777905,NA,NA,NA,82.96274,NA,11.770876,8.308884,3.9380348,NA,7.0717835,NA,57.358936,9.519135,NA,60.616314,NA,235.79439,NA,NA,210.05518,0.6902196,6.214527,0.52064073,11.137144,NA,165.70705,NA,402.91397,208.57793,61.618103,466.50232,NA,25.18426,3.102881,NA,NA,NA,1.2195894,3.7361317,106.109375,71.03654,1.6088705,0.3051708,4.4690533,3.6493092,NA,228.3138,NA,2.799831,2666.8262,NA,61.623848,NA,NA,26.093893,NA,9.152124,84.505135,NA,4.099543,NA,1.2227821,29.208328,NA,NA,85.65311,NA,1.5656942,0.09852103,6.935359,NA,29.145327,2.6727083,4.754439,8.179012,91.42625,411.27527,58.42841,NA,3.371285,NA,NA,0.1348591,137.33095,349.53995,NA,NA,427.5236,NA,50.03668,258.76404,NA,0.1560384,5.8725142,NA,NA,NA,2.3955917,67.236694,8.078853,NA,79.83506,118.28749,NA,NA,NA,NA,2.106967,NA,NA,41.14052,50.16786,157.79909,NA,19.824184,1.3449254,1313.4635,51.530495,4.327016,1.6851609,NA,446.47415,410.4713,8.82546,5.8837533,NA,2.453542,18.530401,3.3838148,2.7857661,NA,NA,92.98267,NA,321.10153,465.536,NA,10.973713,45.336357,NA,0.31922302,122.531044,NA,0.45528203,5.011573
"22",1996,NA,1.7221756,NA,NA,NA,30.889406,49.409298,NA,98.60208,239.85374,21.25467,NA,NA,0.17619427,NA,68.703705,76.403244,NA,NA,NA,NA,NA,15.901093,NA,37.78627,NA,0.1647309,NA,87.2334,NA,11.945124,9.550326,2.385997,NA,6.355324,NA,56.834427,7.5716043,NA,59.523575,NA,248.71396,NA,NA,215.92146,0.5926704,7.5192404,NA,8.477007,0.05044761,190.30898,NA,425.20615,216.15108,64.11828,516.65857,NA,25.167786,2.0787022,NA,0.3892284,NA,1.6937802,6.370911,77.8762,59.498135,1.6954542,0.19684619,4.580058,3.1625965,NA,213.98454,123.05602,0.7922477,2704.43,NA,62.256233,0.54856217,NA,27.223013,NA,9.823499,79.76487,NA,0.5069919,NA,2.4060667,27.765337,NA,NA,125.53564,NA,0.48240227,0.19319512,10.599476,NA,15.793422,2.6455119,4.175108,8.223779,98.05608,502.5599,50.453484,NA,3.3571935,NA,NA,NA,151.1864,341.63986,NA,NA,366.05875,NA,25.83783,294.65897,NA,0.11547586,11.150168,NA,NA,2.0958302,2.257923,62.42173,8.545357,NA,80.94963,121.58467,NA,NA,NA,NA,1.9521352,NA,NA,61.023716,36.290134,144.82347,NA,16.77636,1.342989,1502.5916,57.00698,2.7925131,1.4823184,NA,464.99277,354.0799,7.058148,4.945172,NA,3.387847,6.9181385,4.8416085,3.0507915,15.479081,NA,70.97943,NA,312.6174,396.78687,NA,7.797091,39.14015,8.031025,0.5057654,121.543335,NA,0.6663666,2.5093293
"23",1997,NA,1.1494524,NA,NA,NA,22.922132,19.09873,NA,95.53257,239.7076,NA,NA,NA,0.36164072,NA,74.327156,77.79009,NA,NA,NA,NA,NA,16.536497,NA,47.40096,NA,NA,NA,111.81722,NA,10.781899,10.301811,2.1551056,NA,6.7536335,NA,60.19952,9.910953,NA,56.191055,NA,249.57469,NA,NA,218.97093,0.66494185,NA,NA,10.717846,NA,187.81679,NA,458.1859,220.98428,60.46098,541.69714,NA,27.482683,3.3156028,NA,NA,560.4381,NA,4.0065956,71.61955,81.14249,1.9276698,0.38249972,4.4626274,NA,NA,246.9157,NA,3.5323927,2782.9236,NA,72.9902,0.7828689,NA,32.365078,NA,9.513234,66.58854,NA,NA,NA,NA,34.963696,0.55738014,4.553756,114.43557,NA,0.60036767,0.18935744,8.374184,NA,57.472614,2.6125941,4.4670773,6.652657,100.46271,623.772,81.16068,NA,NA,NA,NA,NA,153.16467,415.73004,0.623756,NA,404.98557,NA,33.051743,285.12036,NA,0.1894314,NA,NA,NA,1.8991739,1.6912733,62.070404,7.0234604,NA,75.72943,102.12597,NA,NA,NA,NA,3.965233,NA,NA,75.868576,41.610233,133.94054,NA,7.7736936,1.5643687,1465.8053,55.84488,4.438794,0.6806033,NA,466.87442,339.6857,7.523897,3.7460327,NA,4.0510774,13.01848,4.351855,3.2297602,11.990602,NA,92.3073,NA,307.59494,437.23065,16.116846,9.927575,34.30285,8.68938,0.4041662,124.75318,NA,NA,NA
"24",1998,NA,1.3974783,NA,NA,NA,23.671495,23.376131,NA,100.06673,245.3368,NA,NA,NA,0.24687104,NA,90.349815,67.62711,NA,NA,NA,NA,NA,14.725734,NA,33.184826,0.17792544,NA,NA,126.31332,NA,13.683418,11.072238,4.2601423,NA,5.8157396,NA,58.912632,NA,NA,60.61564,NA,290.9005,NA,NA,213.04305,NA,7.0628643,NA,14.4283905,NA,198.94533,NA,479.48016,220.15034,65.27466,567.0273,NA,25.745047,2.334111,NA,NA,570.3265,1.7643952,19.560799,67.20843,149.60938,2.205828,0.44322273,5.223198,NA,NA,326.57846,NA,NA,2843.204,NA,79.50007,0.9346423,NA,23.275251,NA,8.45822,80.912224,NA,NA,NA,NA,37.753593,0.54188514,4.9004273,103.60255,NA,0.903846,0.18530741,8.810085,NA,20.763742,2.5852687,4.739721,10.037058,87.55711,123.96566,63.688538,NA,3.5117383,NA,NA,NA,156.043,309.5675,2.457176,NA,452.64838,NA,41.84261,273.72443,NA,0.30712038,NA,NA,NA,NA,2.1506505,62.25513,9.448637,NA,57.714497,111.42353,NA,NA,NA,NA,3.015644,NA,NA,79.19102,39.513844,145.33498,NA,4.326768,1.752281,1093.1049,56.45952,2.9038498,0.42892298,NA,448.76416,284.8101,3.4133117,5.9905477,NA,7.785753,NA,3.9825325,3.2478545,9.295983,NA,105.57817,NA,333.91956,488.42142,17.057177,8.335186,29.873714,NA,0.3320068,126.19202,0.3794858,NA,NA
"25",1999,NA,1.1813211,NA,NA,NA,24.432878,34.41432,NA,98.76536,253.74347,NA,NA,NA,0.37090847,NA,99.0352,57.791492,NA,NA,NA,5.568596,NA,16.406284,NA,34.345745,0.3455745,NA,NA,133.57988,NA,13.3165245,12.473508,1.7683069,NA,8.026719,NA,54.514065,9.934765,NA,57.95489,NA,311.17297,NA,NA,215.05457,1.2028103,7.494307,NA,9.350877,NA,221.45027,NA,486.1122,224.65378,63.74495,609.3648,NA,26.94742,2.4512024,NA,0.12267988,590.4431,1.2499095,6.357375,71.20858,126.18024,2.1247785,0.7135994,5.5924487,NA,NA,335.1837,110.354996,NA,2844.3271,NA,87.47483,0.84080505,NA,12.395614,NA,9.203657,38.06764,NA,NA,NA,NA,24.40244,0.5267309,4.8011227,55.752365,NA,0.6249802,0.090515725,9.71673,NA,28.381384,NA,4.685133,10.432065,87.35347,462.82013,NA,NA,NA,0.1127745,NA,NA,160.9528,370.26413,1.8167071,NA,495.34995,NA,31.728058,299.19904,NA,0.29223186,NA,NA,NA,1.8330053,1.8520124,59.104603,7.927321,NA,47.214226,135.17665,NA,NA,NA,NA,4.6535454,NA,NA,94.47491,39.473537,131.61577,NA,2.9531138,1.7462052,1200.6433,60.390907,6.28143,0.33320406,0.07371747,467.60657,268.19742,5.361084,6.120769,NA,11.846088,NA,6.9387174,4.27298,9.794821,NA,108.07091,NA,363.53278,534.8731,19.477592,8.2974415,31.33681,NA,0.45879105,130.19864,0.4729519,0.51334673,NA
"26",2000,NA,1.0354682,NA,NA,NA,28.537659,36.9439,NA,101.32009,244.77112,NA,NA,NA,0.5202747,NA,99.60309,56.28582,NA,NA,NA,7.4523335,NA,18.268196,NA,28.273579,0.1677072,NA,NA,136.44778,NA,15.544742,20.073734,1.9186525,NA,7.1106796,NA,75.42015,NA,NA,54.11961,NA,323.99335,NA,0.5824661,239.30498,0.7880714,7.306732,NA,9.305755,0.044502795,236.7053,NA,498.2411,227.68065,56.90276,629.30365,NA,28.318104,4.616335,NA,NA,642.4561,0.6081085,7.651913,79.32644,181.36235,2.0852184,0.72659016,6.172964,NA,NA,254.25346,138.33348,4.218073,3053.8855,13.180012,90.25164,NA,NA,16.331993,NA,10.133159,41.393,NA,NA,NA,NA,18.859644,1.0254314,4.7991505,194.82008,NA,0.42382276,0.2651127,8.969072,NA,58.961205,NA,4.3700643,9.923685,82.06059,184.87135,NA,NA,3.6589525,NA,NA,NA,154.78308,379.24152,2.7873826,NA,540.0344,NA,35.03837,291.9193,NA,0.2970058,2.3252964,NA,2.1564958,1.5038538,1.9340563,62.8355,7.871798,NA,44.69105,159.46452,NA,NA,NA,NA,4.6978183,NA,NA,128.10687,43.795185,154.35474,NA,18.97806,1.6945252,1549.3284,66.80164,3.680081,1.3918148,0.21569742,476.09875,289.9398,14.845634,7.1602063,NA,8.903657,NA,4.81314,4.2337933,NA,NA,113.40554,NA,374.41092,584.0431,25.31492,13.471288,30.459448,2.2832253,0.44067702,141.96954,0.35670352,NA,NA
"27",2001,NA,1.6277694,NA,NA,NA,18.365534,43.589264,NA,113.4648,225.6819,25.027122,NA,NA,0.43126824,NA,93.66927,55.50927,NA,NA,NA,12.441864,NA,19.50639,NA,35.33462,NA,NA,NA,127.75276,NA,15.684925,23.617565,1.6368977,NA,5.238283,NA,84.193054,NA,NA,55.595768,NA,327.87296,NA,1.2614269,239.95084,0.54218423,6.215504,NA,12.967225,NA,231.58646,NA,460.67776,219.98105,63.272644,607.0315,NA,35.44424,2.5063868,NA,NA,649.3218,1.0358105,11.021254,90.20792,171.94913,2.2070723,0.967604,10.244321,NA,NA,193.81891,NA,1.5241562,3041.8406,9.456447,103.17453,NA,NA,16.986609,NA,9.771168,50.060543,NA,NA,NA,NA,19.591923,0.7485828,5.6266294,115.50875,NA,NA,NA,11.518907,NA,66.153046,NA,5.3347135,8.638119,149.75317,184.91695,43.842396,NA,NA,NA,NA,NA,131.49547,455.6114,NA,NA,574.19727,NA,32.434315,263.41727,NA,0.3641594,NA,NA,2.3131688,1.3350837,1.6584463,57.57152,10.325473,NA,50.966995,169.73282,NA,NA,NA,NA,2.699309,NA,NA,126.63086,45.73454,151.09987,NA,20.308283,1.8170398,1556.1272,61.88432,6.122336,1.4236939,0.035067085,441.3239,257.1283,11.084174,12.953818,NA,8.389481,NA,2.2290497,5.087167,NA,NA,146.78195,NA,362.3667,622.9205,27.956188,15.8814945,32.00442,NA,0.66692865,143.5363,0.29664573,0.5811034,NA
"28",2002,NA,1.3542951,NA,NA,NA,18.880156,62.503906,10.860829,121.26056,239.05101,28.634537,NA,NA,0.30950025,NA,90.71974,58.164375,NA,NA,NA,NA,NA,19.50102,NA,36.8756,NA,NA,NA,126.24685,NA,24.65644,31.088722,1.3391303,NA,5.6431956,NA,76.240524,NA,NA,51.584225,NA,337.61594,NA,1.242624,235.97743,0.9894606,8.224122,NA,13.774604,0.013959556,219.11324,NA,415.72144,218.71107,48.761913,577.02594,NA,34.489014,0.6532257,NA,NA,637.2716,1.0088114,16.60711,82.88537,246.93677,2.4535341,1.053634,13.380126,NA,NA,184.62709,NA,5.6805873,2898.9604,3.7392724,101.8096,0.70487696,NA,24.64582,NA,10.074966,64.9302,NA,NA,NA,NA,24.687292,0.7269716,3.07649,91.8922,NA,0.22792135,NA,13.359623,NA,55.559906,NA,5.179785,9.466641,82.091515,246.74603,49.407375,NA,NA,NA,NA,NA,131.4019,465.7465,NA,NA,589.89514,NA,20.790462,259.57663,NA,0.33696324,NA,NA,2.0907269,1.0627297,1.793692,60.501648,12.47645,NA,68.015015,163.1861,NA,NA,NA,NA,3.4057455,NA,NA,149.42708,48.16891,150.41138,NA,20.470886,1.9861157,1607.103,66.68829,6.210317,1.4749628,0.068425834,376.24826,250.79779,10.4761,5.9709086,NA,9.569536,1.501489,4.512855,6.1746078,NA,NA,32.890087,NA,347.37802,640.57324,31.474464,9.149502,28.149628,2.6340961,0.8759433,140.48143,0.43196365,0.2817444,NA
"29",2003,NA,0.9323772,NA,NA,NA,20.611967,47.446976,NA,122.61205,261.038,29.875761,NA,NA,0.41143402,7.525134,110.4448,50.018635,NA,NA,NA,7.6582084,NA,21.403734,NA,35.754124,0.0764378,NA,NA,124.168594,NA,20.530739,44.061626,2.003057,NA,7.9733562,NA,89.92892,NA,12.004922,61.310585,NA,328.72195,NA,2.0043159,243.50212,0.5234699,6.3324027,NA,13.131784,0.040632423,225.21738,NA,378.28403,217.04468,49.3454,579.37213,NA,35.962433,0.47900972,NA,NA,645.9604,NA,15.89707,74.63311,196.8769,3.0667896,0.89314276,18.714735,NA,NA,198.66362,NA,3.3877597,2804.4912,4.354014,107.700455,0.65374583,NA,35.492577,NA,10.682305,39.77351,NA,NA,NA,NA,18.739681,0.94100577,3.4636686,35.42723,NA,0.166004,NA,15.235253,NA,NA,NA,4.544637,10.302627,100.92319,154.44493,67.32856,NA,NA,NA,NA,NA,141.01433,458.13467,NA,NA,599.3236,NA,23.730364,236.37114,NA,0.3410922,NA,NA,2.2529135,1.1602404,1.6640735,59.364624,11.951634,NA,40.835575,172.61832,NA,NA,NA,NA,2.9808216,NA,NA,152.1328,39.08159,155.3314,NA,19.010174,2.4327545,1885.7509,66.67829,4.761542,1.403193,0.20069551,337.67834,249.489,11.906561,4.5054684,NA,12.363538,NA,3.4751072,7.2090154,NA,0.18973802,33.84033,NA,342.44476,651.2783,39.24835,13.714553,36.209816,3.2827783,0.9803456,144.28212,0.745699,0.27313462,NA
"30",2004,NA,1.7775987,NA,NA,NA,20.249426,NA,NA,128.38187,275.0868,32.504665,NA,NA,0.33589253,NA,109.45365,49.322834,NA,NA,NA,12.074416,NA,22.13766,NA,34.08122,0.1481423,NA,NA,163.78195,NA,23.598715,50.757866,1.8294222,NA,6.190361,NA,89.4392,NA,8.84195,61.095795,NA,347.3017,NA,2.6359456,257.87967,1.0287536,4.806395,NA,19.815786,0.0131445415,228.51863,NA,384.64688,226.92628,63.40169,587.13275,NA,34.59563,0.7027186,NA,NA,666.21,NA,18.721899,74.00704,225.97012,3.533477,0.9959344,34.530704,NA,NA,226.7587,NA,4.11642,2883.6343,7.140354,110.78753,0.89302546,NA,NA,NA,11.153137,47.721687,NA,NA,NA,NA,20.727997,0.9145306,4.446383,50.207928,NA,0.85990953,NA,20.667725,NA,NA,NA,5.412182,14.174139,102.554436,216.67131,57.00818,NA,3.4721043,NA,NA,NA,134.32193,399.0214,NA,NA,599.6398,NA,21.823383,248.69826,NA,0.42618778,NA,NA,3.3406487,1.3643452,1.82882,62.358864,11.732319,NA,43.679424,159.54347,NA,NA,NA,NA,4.118055,63.378006,NA,153.8401,40.020252,171.25586,NA,19.51362,2.7978747,2188.9453,66.88894,5.973833,1.4393929,0.13090445,307.77676,235.73592,11.179659,4.7124333,NA,12.512978,2.2298534,4.524814,9.942761,NA,0.44191545,85.24473,NA,319.69778,647.31067,42.65228,11.269671,10.48816,3.1889646,1.2820677,148.87657,0.45258766,0.08819744,NA
"31",2005,NA,1.7819794,NA,NA,NA,26.876244,65.47165,NA,126.63031,275.89294,33.48487,NA,NA,0.34550482,NA,120.65504,49.338573,NA,NA,NA,16.111341,NA,21.950521,NA,34.07768,0.07177657,NA,NA,160.7494,NA,22.081161,71.706345,2.3499265,NA,3.989449,NA,84.2199,9.322929,19.302206,57.387875,NA,305.93613,NA,0.8672055,279.59268,0.7944439,5.27737,NA,16.97699,0.012760397,228.62532,NA,348.83084,226.76173,57.655807,586.4841,NA,42.048492,1.2989366,NA,NA,690.2175,NA,22.89673,69.89149,158.39102,4.0885916,1.0178816,56.398262,NA,NA,240.83347,NA,3.7215312,2879.7947,8.126593,95.377556,0.94981396,NA,NA,0.5111148,11.739787,50.02682,NA,NA,NA,NA,20.466343,13.550868,4.5812306,51.59537,6.3357973,0.36535007,NA,20.204311,NA,NA,NA,5.5192485,18.89983,130.49565,62.092518,39.42585,NA,4.611613,NA,NA,NA,135.84668,457.92108,NA,NA,649.89526,240.24004,26.429565,247.22649,NA,0.8150321,NA,NA,4.405208,0.96081376,2.3859308,53.137074,15.042849,NA,42.96499,164.74495,NA,NA,NA,NA,5.7879686,49.99483,NA,133.38766,28.84898,171.95924,NA,20.266706,3.2733274,2535.833,69.63987,7.3702087,1.4416445,0.19192357,279.3045,220.919,5.5809236,4.332305,NA,13.496438,0.7725026,5.4605,13.3853445,NA,0.10728352,74.350296,NA,295.24246,703.4021,54.591263,7.3042216,10.016324,4.5173182,2.219802,157.97691,0.8775746,0.42666414,NA
"32",2006,NA,1.7249837,NA,NA,NA,25.743198,61.39874,NA,138.72205,274.65216,28.993877,NA,NA,0.1502671,NA,123.68656,46.45449,3.4736936,NA,NA,13.53589,NA,21.194397,NA,31.969385,NA,NA,NA,169.53632,NA,17.626541,93.29987,3.3262215,NA,5.0910134,NA,73.53011,8.334405,NA,62.60435,NA,276.42538,NA,1.6057923,283.34082,0.5679345,NA,NA,26.729828,0.061955187,234.41669,NA,344.83624,228.36317,60.8193,582.8365,NA,48.274277,2.0946388,NA,NA,685.97864,NA,25.08349,71.29119,148.13254,4.8479004,1.2310236,81.343185,NA,NA,190.25476,NA,7.77499,2714.5024,11.668845,88.98567,1.1109904,NA,NA,0.838476,11.328843,51.389385,NA,NA,NA,NA,19.87823,14.231975,4.8791366,55.010506,NA,0.20272762,NA,20.1,NA,NA,NA,5.3517985,21.908392,105.17302,187.16661,40.122032,NA,5.784634,0.04810679,NA,NA,132.63101,514.50555,NA,NA,686.69617,258.92468,27.57878,240.09387,NA,0.5064483,NA,NA,3.8146114,1.3769003,2.49137,56.55292,17.48669,NA,38.40753,194.92534,NA,NA,NA,NA,5.5454216,58.287254,NA,142.2286,35.919983,143.00891,NA,17.320597,3.7855513,2590.43,70.0718,7.5175366,1.1668985,0.093772165,269.3683,232.49805,6.3146033,3.6839895,NA,15.623196,NA,7.442195,15.304371,NA,0.382024,73.47919,NA,287.3445,743.294,68.188156,9.423907,12.097812,3.7098684,2.3853598,161.4482,0.5946545,0.32977307,NA
"33",2007,NA,2.4569006,NA,NA,NA,23.415188,43.44468,NA,130.49977,287.50574,33.444817,NA,NA,0.19596015,11.058358,146.95187,42.726597,NA,NA,NA,NA,NA,22.243162,NA,27.964287,NA,NA,NA,151.96623,NA,24.172873,116.14063,2.9605389,NA,4.5659513,NA,79.81036,6.556057,2.7966447,69.52248,NA,303.94925,NA,3.5957308,290.67996,0.2791586,6.122723,NA,32.819168,0.14439875,249.51881,NA,341.10333,229.97057,64.24608,581.6836,NA,52.043392,0.65924215,NA,NA,690.6095,NA,23.133757,68.51781,195.78516,5.2877526,1.1979971,142.72952,NA,NA,224.92723,158.37213,2.210922,2605.4329,8.641869,100.447716,1.0779163,NA,29.420786,0.33023813,11.623217,63.172485,NA,NA,NA,NA,19.187359,15.286307,5.0822005,31.250456,1.9197543,0.4429443,NA,24.816296,NA,24.586699,NA,5.782613,35.731434,115.85433,345.50995,NA,NA,4.809778,0.84556127,NA,NA,126.909935,447.93787,NA,NA,737.15576,277.76895,52.951866,260.1317,NA,0.59080756,NA,NA,6.6554112,0.981399,2.4704864,62.74829,23.712498,NA,39.601624,192.60515,NA,NA,NA,NA,5.7223806,53.511585,NA,151.68028,44.468243,164.01387,NA,18.108562,4.122446,2643.6191,72.23592,7.368533,1.2421608,0.09156354,276.23245,224.07281,NA,NA,NA,14.082955,1.534698,7.2785068,25.79887,NA,0.20233747,73.09383,NA,283.33826,801.20184,82.21205,10.621661,11.966313,2.2785335,2.6185718,166.8107,0.4523383,1.5121267,NA
"34",2010,NA,2.10013,NA,NA,NA,13.369277,44.666317,NA,109.3422,289.83414,28.05287,NA,NA,0.4336343,NA,185.47348,56.903778,NA,NA,NA,14.692486,NA,21.82735,NA,32.85738,0.12363616,NA,NA,133.80031,NA,19.09034,219.08119,2.9702537,NA,1.7559409,NA,59.83107,NA,3.5466778,82.86863,NA,293.09534,NA,1.5274677,330.3217,0.26531014,6.7828097,NA,63.08793,NA,254.94112,NA,322.7459,226.80086,48.327103,575.30896,NA,65.45973,0.4827549,NA,NA,651.07367,NA,18.93454,64.89985,179.22218,7.1195264,2.062481,143.47557,NA,NA,190.19885,149.7535,5.0935616,2265.019,6.1668816,100.4347,1.8510253,NA,24.510435,NA,10.871978,84.86071,NA,NA,NA,NA,34.86928,16.729029,10.082949,155.833,7.4487896,0.40570986,NA,42.95818,NA,28.949984,NA,8.369719,35.098934,48.561428,180.92453,40.166187,37.13103,4.6816745,0.65219563,NA,NA,152.08788,364.3092,NA,NA,717.90717,320.88354,13.87249,228.46031,NA,0.572177,NA,NA,3.1369975,1.3408504,1.7646364,84.19466,47.19524,NA,68.25746,201.0648,NA,NA,NA,NA,12.010766,39.772686,NA,176.29451,43.40223,215.7589,NA,15.684686,5.5354586,2659.8196,76.56156,10.776332,1.3200448,7.11575,234.16193,207.28676,NA,0.9147767,NA,17.702097,NA,10.496025,43.476982,NA,NA,55.0198,3.639096,246.78822,782.26886,132.16046,6.930675,13.0348215,2.4294505,3.4989362,176.68306,0.74754095,0.35802272,NA
"35",2012,NA,3.1610124,NA,NA,NA,17.432875,45.302734,NA,115.55652,267.85318,15.490893,7.9900074,2.4814634,0.43206266,NA,177.94318,67.97557,NA,4.1824727,NA,0.5449423,2.3712225,24.370657,49.31489,33.534595,NA,NA,NA,135.65369,NA,19.179047,395.30124,4.6592197,NA,1.9297014,1.1079351,50.934566,3.3618872,3.4323068,82.4867,NA,251.44986,NA,1.8867154,438.76712,NA,7.331394,NA,15.120632,NA,248.92796,NA,313.633,221.45169,37.27667,579.66455,NA,56.85825,0.46389422,NA,0.19861425,673.1942,0.91794956,23.915749,69.755516,115.36687,7.471018,NA,133.82793,NA,NA,166.7404,141.73732,9.017361,2248.8071,6.326505,NA,2.8025692,NA,19.461876,NA,12.714989,94.87204,NA,NA,NA,NA,36.48202,16.379967,9.902812,205.29395,8.804367,0.17048527,NA,37.555416,NA,26.18873,3.1850126,11.077041,32.485535,32.513798,115.23724,NA,59.619625,5.9061184,0.5752358,NA,0.14527011,141.74905,323.26852,0.67781824,0.23836465,784.4179,331.35373,25.90914,201.05316,NA,0.46227828,NA,NA,NA,1.8273885,1.6171616,115.86005,59.059364,1.7417172,50.95215,200.17653,3.6934779,NA,NA,NA,NA,26.661123,NA,203.48477,31.067507,NA,NA,11.304778,5.6470623,2950.925,69.82653,NA,1.0360113,NA,240.35194,185.07262,NA,0.37434098,NA,14.689766,1.4979097,13.624415,58.981724,NA,NA,53.906017,3.111704,241.28647,856.3273,222.74014,6.5959086,8.782751,2.1993768,4.2676625,211.78078,1.2661057,0.46936932,NA
"36",2013,NA,3.071783,NA,NA,NA,15.100116,41.363335,NA,132.34966,254.95815,16.566135,2.6388497,2.393889,0.38330787,10.804386,157.67941,64.0715,NA,4.1363735,NA,1.9385968,3.7371268,24.9851,48.637897,38.815628,NA,NA,0.06591868,130.18446,NA,19.223152,517.1034,5.4386,NA,3.816675,NA,54.323154,2.3897681,1.689339,93.58708,NA,238.82747,1.0154098,1.1771823,505.91553,0.4428382,6.7237606,NA,18.968176,0.010158601,250.42517,NA,293.4378,222.58273,30.664385,587.17395,NA,63.655865,0.259954,NA,NA,681.3756,0.67497045,31.481146,64.89383,101.926094,8.233336,2.5913372,140.58377,NA,NA,149.0167,137.91226,7.9031873,2132.1433,4.379484,103.893135,2.823051,NA,19.213627,0.15125424,12.630122,111.793076,18.28174,NA,NA,NA,39.55791,1.2421774,10.715857,207.96526,10.1368475,0.16591115,NA,39.735847,NA,30.518797,1.5886545,10.224467,34.54588,23.430195,141.05566,45.877716,37.024696,9.352551,0.5189287,NA,0.6524104,137.76128,363.34167,0.50134987,0.27616766,832.5576,NA,21.844099,216.74837,NA,0.715389,2.3527389,NA,NA,2.4481924,2.1552498,111.38218,61.870686,4.696242,49.690514,200.02693,NA,NA,NA,332.9197,17.774397,28.046957,NA,211.69952,33.989773,NA,NA,11.668144,6.437323,3172.3481,64.9077,15.933932,1.265402,7.119067,242.90707,188.51956,NA,0.24340601,NA,22.506943,NA,10.052631,57.67744,NA,0.28298917,61.916325,2.7297432,233.46956,910.6848,284.95682,NA,10.05919,2.4739072,4.8910766,235.18594,1.4669284,0.8442108,NA
"37",2020,NA,3.701005,38.769707,NA,NA,20.57888,21.273003,NA,92.322395,238.20033,8.916965,NA,4.754776,0.24053203,102.94713,33.795483,74.70574,NA,NA,0.6770309,15.154505,0.8453464,25.30422,11.175582,34.467766,NA,0.15851584,NA,117.069664,1.9429586,19.204338,953.0274,7.2881694,NA,2.3836386,NA,29.891119,2.9526625,1.535807,62.90979,0.75007814,216.24295,NA,0.9084055,746.6865,1.8807635,8.946612,0.64157337,15.795151,0.050455075,233.45224,NA,287.18466,188.91702,21.758308,508.1717,0.37631938,37.388073,0.40328795,NA,NA,626.3292,NA,56.543243,43.896767,120.06669,16.498438,4.7632065,129.90826,15.0771885,15.0439825,178.1858,169.26639,3.5326464,1800.6194,3.313322,41.217285,6.5303984,NA,9.3658085,NA,12.989978,48.935802,NA,NA,NA,NA,33.990665,0.8829233,14.293435,204.62581,4.377006,0.20722844,NA,29.183031,NA,11.64298,4.739284,8.927511,36.40006,32.256474,157.68726,19.836475,8.0475645,6.8335495,0.8446032,NA,NA,126.02127,68.36667,NA,1.915922,741.4048,265.41617,25.321585,163.58473,2.4322846,1.4382871,5.12431,NA,2.120011,3.8064985,4.2469187,105.80734,67.49486,28.989159,42.407963,163.57861,NA,NA,NA,258.84384,41.011,20.002533,30.468607,312.70847,37.737045,110.349075,NA,8.94945,12.596403,3481.6763,30.211763,16.10475,1.5688416,3.2699833,170.37813,160.21918,3.6105492,NA,NA,12.046093,0.7316761,NA,94.981476,NA,0.2924164,30.461046,4.148478,178.73851,813.1647,498.2429,NA,10.599537,NA,10.409955,294.22852,1.6604463,0.8919486,NA
"38",2008,NA,NA,NA,NA,NA,19.814888,73.20786,NA,132.75795,276.15228,25.789078,NA,NA,0.40140688,3.666845,158.48051,53.68828,NA,NA,NA,14.946002,NA,22.482853,NA,33.232964,NA,NA,NA,152.2229,NA,31.533962,146.89032,2.8794203,NA,5.4053373,NA,76.571365,6.1106496,10.0822525,68.56304,NA,297.43588,NA,0.8356723,301.9855,0.13721937,5.6018305,NA,46.369354,NA,253.70084,NA,338.578,227.69667,57.685577,599.6826,NA,56.689747,0.3588043,NA,NA,678.0947,NA,24.864182,68.04017,157.52298,5.3190126,1.6072758,203.97487,NA,NA,209.06305,145.98805,5.503305,2577.7156,7.153213,90.28081,1.6068826,NA,25.382004,0.16262889,11.612278,94.61164,NA,NA,NA,NA,27.202538,16.6868,4.7915254,98.22982,5.548363,0.66909325,NA,29.669868,NA,34.19814,1.6075606,6.206156,46.553673,95.160645,219.87686,NA,4.862481,5.6000667,0.09166308,NA,NA,147.21269,294.84952,NA,NA,701.38055,NA,17.245813,241.18056,NA,0.8971018,NA,0.13921756,2.3158152,1.0794232,2.3301198,65.25772,36.085773,NA,48.447075,194.13998,NA,NA,NA,NA,NA,52.51542,NA,163.86342,31.045319,148.91289,NA,16.82494,4.226805,2591.27,79.03538,9.743386,1.556711,10.111831,276.4751,208.42935,NA,NA,NA,13.339282,0.76418304,7.208824,31.258938,NA,NA,60.338528,NA,267.3322,761.56726,100.03384,9.993407,9.529083,1.8179423,2.3950467,170.15784,NA,1.9967247,NA
"39",2009,NA,NA,NA,NA,NA,15.665222,37.834312,NA,114.9751,271.23486,29.506296,NA,NA,0.3645433,NA,184.43733,61.964565,NA,NA,NA,NA,NA,22.235533,NA,32.50747,NA,NA,NA,150.66873,NA,20.164928,172.0896,2.891248,NA,3.5557208,NA,58.06957,5.22368,5.40847,75.546234,NA,274.8459,NA,1.7534332,303.66843,0.40469572,5.5998955,NA,56.949528,NA,244.63725,NA,338.27377,217.90723,67.11376,584.3425,NA,62.843155,0.4924164,NA,NA,638.643,NA,21.368748,75.52893,200.94255,5.925625,1.7062739,159.35583,NA,NA,185.2891,149.14876,6.2111917,2306.3015,8.4012985,91.03574,1.1878574,NA,27.088993,NA,11.125098,112.06213,NA,NA,NA,NA,28.77092,17.207788,4.7497106,120.53445,1.8691589,0.04640957,NA,43.8759,NA,19.395021,NA,7.339304,36.90372,46.767902,92.69559,28.241083,NA,4.2146964,0.31261522,NA,NA,155.77371,361.4094,NA,NA,675.4847,319.79636,19.910332,258.03906,NA,NA,NA,NA,2.644926,1.2804182,1.822338,75.98632,54.029774,NA,51.74914,179.2761,NA,NA,NA,NA,NA,43.574432,NA,150.37373,32.674847,182.8728,NA,15.890655,4.56468,2582.0642,77.561935,9.731922,1.4005903,9.603949,235.09131,217.46342,NA,1.4685798,NA,15.046738,NA,9.858524,35.466797,NA,NA,52.205173,NA,256.67883,733.158,111.06354,9.063195,8.518458,2.1098309,2.9840384,165.75746,NA,0.6671416,NA
"40",1985,NA,NA,NA,NA,NA,NA,NA,NA,44.27326,299.9345,NA,11.850494,NA,0.39898726,NA,NA,78.208145,NA,NA,0.7792793,NA,NA,14.419004,NA,0.22320066,NA,NA,NA,80.953125,NA,9.842461,3.8675978,2.459985,NA,5.8353825,NA,NA,NA,NA,NA,NA,167.39377,NA,NA,168.03123,NA,3.3113256,3.2688377,NA,NA,119.53055,NA,352.29037,212.65099,NA,414.52084,NA,112.84137,9.172333,1.2962149,0.9691704,NA,2.7756305,2.9324439,272.709,86.99074,1.2709543,0.29380694,3.690834,18.873423,205.19592,186.62888,35.340015,NA,2270.6042,NA,NA,NA,NA,NA,NA,8.057252,NA,NA,NA,NA,NA,NA,NA,NA,220.88539,NA,NA,NA,0.5245125,NA,NA,3.9195397,7.862116,6.8157206,NA,522.08417,NA,NA,1.5827111,NA,NA,NA,133.73235,310.43085,0.53959566,0.11778844,249.27824,NA,NA,222.27489,NA,NA,6.360991,NA,1.9939208,2.0867047,1.6481624,137.73495,8.479977,NA,184.79744,NA,NA,NA,NA,NA,NA,NA,NA,1.4620113,NA,NA,NA,115.60383,1.0331817,66.21617,55.86242,1.8013203,9.114197,NA,459.85898,493.17157,NA,NA,NA,1.0940756,NA,1.8893634,2.604212,NA,NA,NA,NA,347.8675,267.61908,NA,20.881414,NA,13.000078,NA,134.22693,NA,NA,4.374447
"41",1986,NA,NA,NA,NA,NA,NA,NA,NA,60.368263,291.94983,NA,3.8829522,NA,0.15589137,NA,NA,80.5125,NA,NA,NA,NA,NA,13.409344,NA,0.11162993,NA,NA,NA,82.79605,NA,7.625757,3.2752464,2.710924,2.357821,3.904564,NA,NA,NA,NA,NA,NA,187.08986,NA,2.1305063,174.88725,2.8284104,2.7199786,NA,NA,NA,116.93084,NA,356.63788,213.41034,NA,413.9066,NA,125.31086,3.0975795,11.717255,0.6333,NA,NA,1.8100858,267.81268,119.25323,1.2634535,0.18804166,NA,12.38013,209.90538,190.50941,NA,NA,2388.8477,NA,NA,NA,NA,NA,NA,7.6732254,NA,NA,NA,NA,NA,NA,NA,NA,217.1818,NA,NA,NA,1.8400526,NA,14.614713,NA,8.213028,5.4267035,NA,343.72528,NA,NA,1.2831403,NA,NA,NA,128.05136,294.79715,NA,NA,252.94307,NA,NA,216.68425,NA,NA,4.8860116,NA,NA,2.386027,1.3240339,146.46472,7.674877,NA,192.4084,NA,NA,NA,NA,NA,NA,NA,NA,NA,NA,NA,NA,130.73335,1.0003142,88.3202,42.737232,1.6527606,10.272584,NA,440.27185,491.8418,NA,NA,NA,1.1723826,NA,3.6840646,3.3605154,NA,NA,NA,NA,353.55515,271.4954,NA,12.859213,NA,15.733502,0.115995735,136.703,NA,NA,5.232351
"42",1987,NA,NA,NA,NA,NA,NA,NA,NA,69.54063,296.9139,NA,NA,NA,0.21913257,NA,NA,55.520466,NA,NA,NA,NA,NA,17.37005,NA,0.3343975,NA,NA,NA,95.55103,NA,8.443998,3.6668558,1.7049478,NA,3.456979,NA,NA,NA,NA,NA,NA,196.41023,NA,NA,185.07718,2.1473951,3.1672435,NA,NA,NA,117.54981,NA,376.9168,221.68413,NA,405.92282,NA,153.89084,0.9642638,NA,1.3964047,NA,2.6218562,2.3295403,304.25693,113.88641,1.2213646,0.35732573,3.8819664,16.463846,203.10408,188.37262,NA,1.287657,2547.7886,NA,NA,NA,NA,NA,NA,9.146531,NA,NA,NA,NA,NA,NA,NA,NA,186.10924,NA,NA,NA,4.362054,NA,14.5144205,NA,9.496183,6.7766733,NA,645.2489,NA,NA,3.1230493,NA,NA,NA,134.33311,278.52432,NA,NA,263.55707,NA,NA,211.13448,NA,NA,1.3032316,NA,NA,2.0891716,1.3067963,150.84404,6.081736,NA,210.07057,NA,NA,NA,NA,NA,NA,NA,NA,NA,NA,NA,NA,131.86452,0.9874961,117.03033,44.46189,2.5759308,10.420065,NA,419.27628,503.88794,NA,NA,NA,1.3058313,NA,3.3376179,2.6114764,NA,NA,NA,NA,351.13168,281.95667,NA,11.147922,NA,16.961164,NA,141.7139,NA,NA,4.4158936
